productId,productName,price,productDetails,description,merchantName
,"High Protein Ready Meals Delivered | 7 Meals",$82.00,"Choose 7 high protein meals from our mouth-watering menu. Where quality meets convenience, our handcrafted meals showcase the ...",,Chefgood
7.31841E+18,"Strength Meals Co High Protein Italian Pork Pasta Meal 350g",$9.50,,,Woolworths
6.0417E+18,"Strength Meals Co High Protein Chimichurri Chicken with Barley Bean Salad 350g",$8.50?$9.95,,,Woolworths
1.37153E+19,"High Protein Meal Pack | 5 Meals | Hancrafted by Chefs",$59.50,"Where quality meets convenience, our high protein meals showcase the best fresh and local produce. Try our Everyday Wellness ...",,Chefgood
1.32582E+19,"Strength Meals Co High Protein Slow Cooked BBQ Beef with Rice and Vegetables 350g",$8.50?$9.95,,,Woolworths
,"Bondi Meal Prep - Build your box - 10 Meal Plan",$143.00,,,"Bondi Meal Prep"
,"Lean Meals 10 Lean Meals - $91",$91.00,"Lean Portion Size: 250g Serving Size, +-300 Calories, 25-35g Protein, 25-35g Carbs, 8-14g FatPrices: 8 Lean Meals - $7810 Lean ...",,"Lifestyle Meal Prep"
9.90766E+18,"5 Day High Protein Meal Plan | 10 Meals | Chefgood",$115.00,"Choose 5 lunches & 5 dinners from our high protein menu with generous portions. Where quality meets convenience, our ...",,Chefgood
1.08567E+19,"Bondi Meal Prep - Chocolate Chip Protein Pancakes",$12.90,"Regular (325g)",,"Bondi Meal Prep"
1.25166E+19,"Strength Meals Co Butter Chicken 350g",$9.50,,,Woolworths
,"The Refresh Program | 14 Meals",$184.95,"The Refresh Program allows you to combine the convenience of Tony Ferguson High Protein shakes with the wholesomeness of Be ...",,"Be Fit Food"
,"Sustyfoods Meal Replacement Shakes | 20 Meals | Essential Original",$114.00,"Our Essential Meal Replacement Shakes are the perfect option for people who want a delicious, balanced and convenient meal ...","Our Essential Meal Replacement Shakes are the perfect option for people who want a delicious, balanced and convenient meal ...","Sustyfoods Australia"
1.13949E+19,"Dineamic High Protein Bundle",$59.00,"A selection of our high proteins meals to fuel your week and support performance. Whether that's at the gym, in the office or ...",,Dineamic
,"Youfoodz FUEL'D Meals - Click 'n' Collect Only Chargrilled Lemon Chicken",$11.95,"No matter what you're craving, there are 30 high-protein FUEL’D meals to choose from, including new seasonal recipes, our take ...","No matter what you're craving, there are 30 high-protein FUEL’D meals to choose from, including new seasonal recipes, our take ...","The Cave Gym"
1.77141E+19,"Bondi Meal Prep - Protein Health Ball",$4.00,"Regular (40g)",,"Bondi Meal Prep"
1.6398E+19,"Fitness Outcomes Beef Bolognese Frozen Meal 350g",$9.00,"Fitness Meets Gourmet Let's face it, your body only deserves the best! That's why our gourmet, high-protein meals are designed ...",,"Coles Supermarkets"
6.99709E+18,"My Muscle Chef Spaghetti Bolognese 330 gram",$10.45,"Since 2013 My Muscle Chef has been providing freshly prepared high protein meals to all Australians.",,"My Muscle Chef"
,"7 Day Meal Plan - Lunch & Dinner (NDIS) Standard / 250g Standard / Low Calorie/Protein by A Lifeplus (A+)",$45.50,"This is a 7 day meal plan that delivers lunch and dinner for 7 days a week. We create every meal plan differently because each ...",,alifeplus.com.au
,"Size Meals 14 Size Meals - $183",$183.00,"Size Portion Size: 500g Serving Size, +-650 Calories, 55-65g Protein, 55-65g Carbohydrates, 14-20g FatPrices:8 Meals $111 10 ...",,"Lifestyle Meal Prep"
,"Teriyaki Tofu Protein Pack",$19.95,"Our organic tofu is oven roasted in our signature house made teriyaki marinate.The healthy and delicious flavours of this ...",,"Garden of Vegan"
,"Max's Absolute Mass + Muscle Meal Cookies Pack // Supplement Mart",$118.66,"Shop This Product & More At The Best Prices Online At Supplement Mart Now With Free Shipping & Free Gifts On All Orders Over $99",,"Supplement Mart"
1.82337E+17,"Peri Peri Chicken | Gym Meals Direct Large / BROCC Mash & Pumpkin",$12.90,"Come online for more!",,"Gym Meals Direct"
,"Delivered Foods - Low Calorie Prepared Meal Delivery for Weight Loss | Macrobite 8 Meal Plan",$108.00,"Macrobite preps and delivers healthy low-calorie meals specially curated by our team of nutrition experts to achieve your ...",,Macrobite
1.13854E+19,"High Protein Lunch + Dinner Pack Summer",$126.00,,,Dietlicious
1.69222E+19,"Strength Meals Co Satay Chicken 350g",$9.50,,,Woolworths
6.19868E+18,"Bulk Nutrients - Protein Sample Pack - Try 7 of Our Most Popular Proteins from Our Extensive Range of proteins.",$13.00,"The selection will include Protein Matrix+, Thermowhey, Muscle Food 101, Earth Protein, Total Meal Replacement, Future Whey ...","Protein · Whey","Bulk Nutrients"
,"PerfectAmino Power Meal - Meal Replacement Shake, Dark Chocolate + Shaker Bottle by OptimOZ",$74.95,"PerfectAmino Power Meal: The ULTIMATE Protein source powering the World's most Competitive Performance Athletes for more than ...","PerfectAmino Power Meal: The ULTIMATE Protein source powering the World's most Competitive Performance Athletes for more than ...",OptimOz.com.au
,"Bondi Meal Prep - Build Your Box - 14 Meal Plan",$193.00,,,"Bondi Meal Prep"
,"The Refresh Program | 28 Meals & 1 Snack per Day",$389.95,"The Refresh Program allows you to combine the convenience of Tony Ferguson High Protein shakes with the wholesomeness of Be ...",,"Be Fit Food"
3.55869E+17,"My Muscle Chef Butter Chicken 360 gram",$10.95,"Since 2013 My Muscle Chef has been providing freshly prepared high protein meals to all Australians.",,"The Cave Gym"
,"All Meal Plans Lean & Size (Mix & Match) / 8 Meals",$94.50,"Note: If you choose the Mix & Match option, you will receive half of each meal size, e.g. 8 Lean and Main will be 4 Lean and 4 ...",,"Lifestyle Meal Prep"
,"5 Day Meal Plan - Lunch & Dinner (One time) Organic / 250g Standard / Low Calorie/Protein by A Lifeplus (A+)",$160.00,"This is a 5 day meal plan that delivers lunch and dinner for 5 days a week. We create every meal plan differently because each ...",,alifeplus.com.au
,"NatureDog Single Protein Beef Meal",$8.95,"Contains 50% locally sourced, preservative free, premium beef meat plus our Original Chicken mix. Note: Vegetables vary due to ...",,"Nekopia Pets"
,"7 Meals",$94.95,"Our 7 Meal bundle is designed to provide you with healthy prepared meals to keep in the freezer, perfect for when you simply ...",,"Be Fit Food"
4.45169E+18,"My Muscle Chef Chicken Stir Fry 450 gram",$10.95,"Since 2013 My Muscle Chef has been providing freshly prepared high protein meals to all Australians.",,"The Cave Gym"
,"SIMPLY PROTEIN | Chicken Breast 200g",$6.95,"Chicken Breast marinated and cooked in a blend of lemon and herbs available in 200g or 1kg vacuum sealed portions. Serving ...",,athletesnutrition.com.au
1.48346E+19,"Fitness Outcomes Cashew Chicken & Vegetable Stir Fry Frozen Meal 350g",$9.00,"Fitness Meets Gourmet Let's face it, your body only deserves the best! That's why our gourmet, high-protein meals are designed ...","Fitness Meets Gourmet Let's face it, your body only deserves the best! That's why our gourmet, high-protein meals are designed ...","Coles Supermarkets"
6.54557E+17,"Protein World Vegan Blend Salted Caramel Pouch 1kg",$19.99,"This amazing tasting vegan protein shake is curated from a unique combination of some of the worlds finest vegan protein ...","Protein · Pea · Muscle Gain · Weight Loss · Vegan · Salted Caramel","Chemist Warehouse"
1.35318E+19,"Bondi Meal Prep - Grass FED Pinnacle Rump Steak - Keto",$14.90,"Regular (320g)",,"Bondi Meal Prep"
,"# Twin Pack of BSc High Protein Low Carb Bars box (2x Boxes of 12 b...",$59.99,"Twin Pack of Body Science High Protein LOW CARB Bars box (2x Boxes of 12) 19g protein per bar Only 3g of carbohydrates Source ...","Twin Pack of Body Science High Protein LOW CARB Bars box (2x Boxes of 12) 19g protein per bar Only 3g of carbohydrates Source ...","Supplement Wholesalers"
,"PerfectAmino Power Meal - Meal Replacement Shake, Natural Delicious + Shaker Bottle by OptimOZ",$74.95,"PerfectAmino Power Meal: The ULTIMATE Protein source powering the World's most Competitive Performance Athletes for more than ...",,OptimOz.com.au
9.1109E+18,"Crumbed Chicken Parmigiana - Workout Meals - Best Meal Delivery",$12.99,"Crumbed Chicken Parmigiana Our exquisitely prepared Chicken Parmigiana with Roasted Potatoes and Peas dish will improve your ...",,"Workout Meals"
,"Beef Stroganoff | Products | Gym Meals Direct LARGE / PASTA",$13.90,"Our slow cooked beef stroganoff with a creamy mustard infused mushroom sauce over fettuccine pasta is ideal for those in a ...",,"Gym Meals Direct"
3.69439E+17,"Strength Meals Co Spiced Pumpkin & Lentil High Protein Soup 400g",$5.50,,,Woolworths
,"Protein Smoothie #17, Ultra Lean, Low Carb Regular | 500ml / Rice Mylk (+$1.00) / Vegan | Chocolate (+$1.00)",$11.00,"PLEASE CHOOSE A PICK UP TIME WHEN CHECKING OUT WITH YOUR ORDER Please note if you are late, this may change the consistency of ...",,"Health Nuts Australia"
,"Protrient Dairy Meal Replacement - Caramel Swirl",$83.95,"Meal Replacement Shakes in Caramel Swirl are packed with protein, vitamins, minerals and more, in a single serve. Dietitian ...",,APOC
,"Retort Ready to eat meal Travel food with warmer Halal High Protein real food combo of 4",$89.01,"HALALAN TOYYIBAN READY-TO-EAT MEAL SELF-HEATING MEAL NO PRESERVATIVES ALL NATURAL INGREDIENTS 2?? YEARS SHELF LIFE with ...",,"Etsy - KAIsister"
,"Dill and Garlic Responsibly Fished Barramundi with Season Veggies 400g (NDIS) Standard / 400g Standard / Normal Calorie/Protein by A Life Plus (A+)",$4.00,"Dish Macros: Dish Size Energy Protein Fat Carbs 250g KJ CAL 31g 9g 8.9g 1040 249 400g 1870 447 50.3g 20.6g 12.2g Heating ...",,alifeplus.com.au
,"Ultra 800 Meals / Starter Pack",$86.50,"800 kcal. All day energy. Radix version 8 Ultra meal range is the result of a focused design goal. Maximise energy density ...",,"Radix Nutrition Australia"
5.73099E+18,"VitalStrength Lean Meal Chocolate 924g",$68.79,"A convenient high protein, low sugar weight loss solution meal replacement shake with a 5 star health rating. With 30 grams of ...","A convenient high protein, low sugar weight loss solution meal replacement shake with a 5 star health rating. With 30 grams of ...",Vitalstrength
,"Kangaroo & Chicken Meal Box Weekly box - 7 x 500g meals",$52.00,"Genetically, dogs are designed to digest animal proteins in their raw form. Their ancestors consumed the whole carcass ...",,"Az & Scottys"
,"Meal Replacement Bar | IsoWhey 12 Pack Chocolate",$33.99,"IsoWhey Meal Replacement Bar is a high protein bar which is suitable as a meal replacement for healthy weight management.",,"Health Vitality"
,"Kangaroo & Chicken Meal Box Weekly box - 7 x 500g meals",$52.00,"Genetically, dogs are designed to digest animal proteins in their raw form. Their ancestors consumed the whole carcass ...",,"Az & Scottys"
6.0279E+18,"AP Regimen PrimeBites Protein Brownies Chocolate Fudge (12 Brownies)","$91.62 + tax","The AP PrimeBites Protein Brownie is packed with 16-17 grams of high-quality whey protein with collagen added to give you the ...","Fudge · Reduced Sugar · Gluten-free · Meal Replacement",GoSupps.com
,"Ultra 800 Meals / Starter Pack",$86.50,"800 kcal. All day energy. Radix version 8 Ultra meal range is the result of a focused design goal. Maximise energy density ...",,"Radix Nutrition Australia"
9.1109E+18,"Crumbed Chicken Parmigiana - Workout Meals - Best Meal Delivery",$12.99,"Crumbed Chicken Parmigiana Our exquisitely prepared Chicken Parmigiana with Roasted Potatoes and Peas dish will improve your ...",,"Workout Meals"
,"USANA Nutrimeal Bulk Pouches 30 Pack - Low GI Meal-replacement Shake Dutch Chocolate",$141.90,"FREE SHIPPING from USANA Australia Independent Associate. Low GI nutritious meal-replacement shake in three delicious flavours ...","FREE SHIPPING from USANA Australia Independent Associate. Low GI nutritious meal-replacement shake in three delicious flavours ...",NutritionLife.com.au
1.50794E+19,"Bondi Meal Prep - Vanilla Protein Yogurt",$8.90,"Regular (209g)",,"Bondi Meal Prep"
6.44425E+18,"Pulled Roast Beef | Products | Gym Meals Direct Large / Potato Mash",$13.90,,,"Gym Meals Direct"
2.52906E+18,"ALLMAX Nutrition HexaPro High-Protein Lean Meal Cookies & Cream 5 lbs (2.27 kg)","$76.11 + tax","6 Protein Sources for Sustained Release: HEXAPRO is a high protein, lean meal solution to this protein timing issue. It’s ...","6 Protein Sources for Sustained Release: HEXAPRO is a high protein, lean meal solution to this protein timing issue. It’s ...","Muscle & Strength"
,"# Twin Pack of BSc High Protein Low Carb Bars box (2x Boxes of 12 b...",$59.99,"Twin Pack of Body Science High Protein LOW CARB Bars box (2x Boxes of 12) 19g protein per bar Only 3g of carbohydrates Source ...","Twin Pack of Body Science High Protein LOW CARB Bars box (2x Boxes of 12) 19g protein per bar Only 3g of carbohydrates Source ...","Supplement Wholesalers"
,"Proganics Organic Keto Meal Replacement Trial Pack",$17.00,"Product Information You’ve probably heard of the keto diet and the amazing rapid weight loss results people have achieved by ...","Product Information You’ve probably heard of the keto diet and the amazing rapid weight loss results people have achieved by ...","Muscle Protein"
5.72049E+18,"Meals for Mutts Grain Free Single Protein Kangaroo Dog Food 14kg",$112.05,"Meals for Mutts is an Australian made, ultra premium dog food manufactured to exacting ethical standards of quality ...","Dry · Grain-free · All Ages · Joint Health · Allergy Care","Pet Circle"
1.22285E+19,"Muscle Meal | 200g Chicken Breast with 200g Brown Rice",$12.50,"200g Chicken Breast marinated and cooked in a blend of lemon and herbs served with 200g Brown Rice. Serving 400g Calories 554 ...",,athletesnutrition.com.au
,"Dineamic Low Calorie Bundle",$89.00,"10 balanced ready meals handpicked by our in-house nutritionists to assist with a low-calorie lifestyle. This fixed bundle ...",,Dineamic
,"Feijoada | Plant-based Meals Delivery Australia",$14.95,"Feijoada is a plant-based meal cooked in a fully vegan kitchen. This meal is delivered fresh to Queensland, Northern Territory ...","Feijoada is a plant-based meal cooked in a fully vegan kitchen. This meal is delivered fresh to Queensland, Northern Territory ...",HerbiDoor
1.06935E+19,"Inc 100 Dynamic Whey Vanilla Flavour 2kg",$50.39,"100% Dynamic Whey is an advanced protein source blending WPI with WPC to help meet the heavy demands of training. The protein ...","Vanilla · Muscle Gain · Low Carb · Vanilla","Chemist Warehouse"
,"Redcon 1 MRE - Meal Replacement",$94.95,"Redcon 1 MRE - Meal Replacement Super Discount Supplements",,"Super Discount Supplements"
,"Protein Smoothie #16, Meal Replacement Large | 700ml (+$2.00) / Skim Milk / Whey | Chocolate",$13.00,"PLEASE CHOOSE A PICK UP TIME WHEN CHECKING OUT WITH YOUR ORDER Please note if you are late, this may change the consistency of ...","PLEASE CHOOSE A PICK UP TIME WHEN CHECKING OUT WITH YOUR ORDER Please note if you are late, this may change the consistency of ...","Health Nuts Australia"
,"Super Mass Gainer 6kg / Vanilla / No by Pure Product Australia",$94.00?$110.00,"Looking to pack on some mass and build muscle? Look no further than Pure Product Australia's Super Mass Mass Gainer! Our mass ...","Looking to pack on some mass and build muscle? Look no further than Pure Product Australia's Super Mass Mass Gainer! Our mass ...","Pure Product Australia"
,"Maxs Muscle Meal High Protein Cookies x 12",$59.95,"Muscle Meal Cookies are a delicious way to build muscle and strength. Each cookie contains 24g of high quality proteins ...",,SuppKings.com.au
5.14736E+18,"Protein Pack",$68.00,"This is a great value meal pack for gym goers and anyone else looking for a regular selection of meat. The Protein Pack comes ...",,"Carina North Quality Meats"
,"Redcon 1 MRE - Meal Replacement",$94.95,"Redcon 1 MRE - Meal Replacement Super Discount Supplements",,"Super Discount Supplements"
,"14 Meals",$184.95,"Our 14 Meal bundle is designed to provide you with healthy prepared meals to keep in the freezer, perfect for when you simply ...","Our 14 Meal bundle is designed to provide you with healthy prepared meals to keep in the freezer, perfect for when you simply ...","Be Fit Food"
,"MAXs MuscleMeal Cookie 12 x 90g / Cookies and Cream",$42.95,"MAX’S Muscle Meal High Protein Cookies are a delicious way to build muscle and strength. Each cookie contains 24g of high ...","MAX’S Muscle Meal High Protein Cookies are a delicious way to build muscle and strength. Each cookie contains 24g of high ...","Supplement Wholesalers"
,"Feijoada | Plant-based Meals Delivery Australia",$14.95,"Feijoada is a plant-based meal cooked in a fully vegan kitchen. This meal is delivered fresh to Queensland, Northern Territory ...","Feijoada is a plant-based meal cooked in a fully vegan kitchen. This meal is delivered fresh to Queensland, Northern Territory ...",HerbiDoor
,"Bondi Meal Prep - Build Your Box - 14 Meal Plan",$193.00,,,"Bondi Meal Prep"
1.74157E+18,"My Muscle Chef Chicken Pesto Pasta 330g",$10.95,"Since 2013 My Muscle Chef has been providing freshly prepared high protein meals to all Australians.",,"The Cave Gym"
,"Superfood Complete by Professional Whey",$38.00,"The pinnacle of meal replacement shakes. Superfood Complete is one of the most amazing nutrient dense shakes in the world. It ...","The pinnacle of meal replacement shakes. Superfood Complete is one of the most amazing nutrient dense shakes in the world. It ...","Professional Whey"
,"Noopii Nappies 12-18kg N5 Walker 16 Pack 32",$14.99,"Buy Noopii Nappies 12-18kg N5 Walker 16 Pack from Harris Farm Markets Online. Browse through our huge range of groceries and ...",,"Harris Farm Markets"
4.0611E+17,"Pulled Roast Beef | Products | Gym Meals Direct Small / Potato Mash",$11.90,,,"Gym Meals Direct"
1.41549E+18,"Fitness Outcomes Beef Chilli Con Carne Frozen Meal 350g",$8.00?$9.00,,,Woolworths
9.55123E+17,"Bondi Meal Prep - Free Range Chicken Breast - Keto",$12.90,"Regular (330g)",,"Bondi Meal Prep"
,"Muscle Sport Mass Revolution 12lbs",$124.95,"Advanced All-in-One Weight Gainer* 150g of clean carbs, 25g of ultra high-quality proteins and only 6g of fats per serving 5 ...",,Supps247
8.96066E+18,"The Healthy Man Meal Replacement Vanilla 800g / 20 Serves - AfterPay & zipPay Available",$56.99,"Scientifically formulated Meal replacement designed especially for men Enhance weight loss ability^ Improve gut health Reduce ...","Scientifically formulated Meal replacement designed especially for men Enhance weight loss ability^ Improve gut health Reduce ...",Catch.com.au
4.5002E+18,"BAKON Carbonara | Plant-Based Meals Delivery Australia",$12.95,"Creamy Bakon Carbonara is a high-protein plant-based version of a Bacon Carbonara, cooked in a fully vegan kitchen.","Creamy Bakon Carbonara is a high-protein plant-based version of a Bacon Carbonara, cooked in a fully vegan kitchen.",HerbiDoor
,"Deluxe Chicken & Quinoa Brown Rice - Workout Meals - Best Meal Delivery",$12.50,"Deluxe Chicken & Quinoa Brown Rice Chicken Breast with Quinoa brown rice. Ingredients: Chicken Breast36%, Vegetable Quinoa ...",,"Workout Meals"
,"Slim Down 2 Pack Chocolate / Chocolate",$158.00,"2 x Advanced Meal Replacement Normally $191. Save $33 Made from a blend of whey and milk proteins, MCT oil and over 25 ...","2 x Advanced Meal Replacement Normally $191. Save $33 Made from a blend of whey and milk proteins, MCT oil and over 25 ...",Cassius
,"Max's Muscle Meal Cookie / Choc Peanut Butter (12 Pack)",$49.95,"Buy 12 and SAVE! MAX’s Muscle Meal cookie is the ideal high protein, high energy snack! It combines a high quality protein ...",,"Nutrition Capital"
,"# Twin Pack of BSc High Protein Low Carb Bars box (2x Boxes of 12 b...",$59.99,"Twin Pack of Body Science High Protein LOW CARB Bars box (2x Boxes of 12) 19g protein per bar Only 3g of carbohydrates Source ...","Twin Pack of Body Science High Protein LOW CARB Bars box (2x Boxes of 12) 19g protein per bar Only 3g of carbohydrates Source ...","Supplement Wholesalers"
,"The Macro Shake by Macro Mike 560g / Choc PB Swirl",$47.45,"The Macro Shake is an all-in-one, nutritious meal replacement shake that is jam-packed with protein, vitamins and minerals to ...",,"Supplement Warehouse"
,"Redcon1 - MRE Dutch Apple Pie",$89.99,"Redcon 1 MRE - The Objective: Fuel your body with MRE, commonly known in the Military as Meals Ready-to-Eat. M.R.E. are ...",,"Essential Supps Marrickville"
,"7 Meals",$94.95,"Our 7 Meal bundle is designed to provide you with healthy prepared meals to keep in the freezer, perfect for when you simply ...",,"Be Fit Food"
5.29625E+18,"Bondi Meal Prep Beef Lasagne 350g",$12.90,,,Woolworths
1.50527E+19,"My Muscle Chef Chipotle Chicken Burrito Bowl 450 gram",$10.95,"Since 2013 My Muscle Chef has been providing freshly prepared high protein meals to all Australians.",,"My Muscle Chef"
,"Proganics Organic Keto Meal Replacement Trial Pack",$17.00,"Product Information You’ve probably heard of the keto diet and the amazing rapid weight loss results people have achieved by ...","Product Information You’ve probably heard of the keto diet and the amazing rapid weight loss results people have achieved by ...","Muscle Protein"
,"Beef, Chicken & Kangaroo Meal Box Weekly box - 7 x 250g meals",$35.00,"Our Mixed Meal Box comes in either weekly, fortnightly or monthly options.... so no more running out of furry friend food and ...","Our Mixed Meal Box comes in either weekly, fortnightly or monthly options.... so no more running out of furry friend food and ...","Az & Scottys"
1.41549E+18,"Fitness Outcomes Beef Chilli Con Carne Frozen Meal 350g",$8.00?$9.00,,,Woolworths
,"Deluxe Chicken & Quinoa Brown Rice - Workout Meals - Best Meal Delivery",$12.50,"Deluxe Chicken & Quinoa Brown Rice Chicken Breast with Quinoa brown rice. Ingredients: Chicken Breast36%, Vegetable Quinoa ...",,"Workout Meals"
,"28 Day Keto Meal Delivery | Be Fit Food",$334.95,"Our 28 Meal bundle is designed to provide you with healthy prepared meals to keep in the freezer, perfect for when you simply ...",,"Be Fit Food"
1.80236E+19,"Red Dragon Protein Mousse 1 kg / Caramel Cookie Butter",$63.71?$74.95,"Red Dragon Nutritionals have blown away the Dessert Protein game with their premium sourced Protein Mousse! With added MCT and ...","Caramel · Low-fat · Dry Mix","Fit Nutrition"
,"Isowhey VLCD French Vanilla Sachet 55g 18 Pack",$39.95,"Overview IsoWhey Optimum VLCD + Collagen is our game-changing new shake, here to help you combine weight loss with the total ...","Overview IsoWhey Optimum VLCD + Collagen is our game-changing new shake, here to help you combine weight loss with the total ...","Your Discount Chemist"
1.66332E+18,"Bondi Meal Prep - Choc Honeycomb Protein Shake",$6.50,"Regular (425g)",,"Bondi Meal Prep"
4.09378E+18,"Protein Cookie by My Muscle Chef - Box of 12 / Triple Choc",$55.00,"Looking for a high protein and low carbohydrate cookie that will help you squash those afternoon cravings? Look no further ...","Looking for a high protein and low carbohydrate cookie that will help you squash those afternoon cravings? Look no further ...","Nutrition Capital"
7.87192E+18,"Outdoor Gourmet Coq AU Vin",$12.44,"Add variety to your outdoor meals with the brand-new range from the Outdoor Gourmet Company! The Outdoor Gourmet Coq au Vin ...","Gluten-free · Entree · Beef · Chicken","Gearshop NZ"
1.68237E+19,"5 Day Vanilla Meal Replacement Shakes | Celebrity Slim",$29.99,"Need a bit of a hand when it comes to self-control? Seriously struggling with the motivation to meal prep? Celebrity Slim Meal ...","Need a bit of a hand when it comes to self-control? Seriously struggling with the motivation to meal prep? Celebrity Slim Meal ...","Celebrity Slim"
,"Healthy Meal Replacement Shakes | Buy 3 Get 1 Free",$149.85,"Buy 3 get 1 free weight loss shakes. Choose 4 delicious flavours of healthy meal replacement shakes to support your weight ...",,"The Lady Shake"
7.87192E+18,"Outdoor Gourmet Coq AU Vin",$12.44,"Add variety to your outdoor meals with the brand-new range from the Outdoor Gourmet Company! The Outdoor Gourmet Coq au Vin ...","Gluten-free · Entree · Beef · Chicken","Gearshop NZ"
6.86259E+18,"Massaman Salmon | Products | Gym Meals Direct Large / Pumpkin Mash & Bean",$14.90,"Thai Massaman-style salmon",,"Gym Meals Direct"
,"High Protein Recipe Pack",$16.18,"Hitting Your Protein Goals Have NEVER Been So Easy with This High Protein Recipe Pack Filled with 54 Delicuous and Healthy ...",,Etsy
1.68237E+19,"5 Day Vanilla Meal Replacement Shakes | Celebrity Slim",$29.99,"Need a bit of a hand when it comes to self-control? Seriously struggling with the motivation to meal prep? Celebrity Slim Meal ...","Need a bit of a hand when it comes to self-control? Seriously struggling with the motivation to meal prep? Celebrity Slim Meal ...","Celebrity Slim"
,"Lotus LSA Meal GF 450g",$8.20,"Lotus LSA Meal is packed in Australia from a blend of imported and local ingredients. It comes in a 750 gm re-sealable oxygen ...",,"Wholefood Superstore"
1.80236E+19,"Red Dragon Protein Mousse 1 kg / Caramel Cookie Butter",$63.71?$74.95,"Red Dragon Nutritionals have blown away the Dessert Protein game with their premium sourced Protein Mousse! With added MCT and ...","Caramel · Low-fat · Dry Mix","Fit Nutrition"
,"Cottage Pie",$10.95,"High performance meal with 31g of protein. 100% halal certified ingredients only. Prepared and delivered fresh - not frozen ...",,efoodz.com.au
,"CUSTOM MEAL | Salmon 200g / 200g Brown Rice/Green Veg",$15.95,"CUSTOM MEAL | Salmon: Customise your protein and side dish. Macros Calories Carbs Fat Protein 150g Salmon 100g Brown Rice 415 ...",,athletesnutrition.com.au
,"Outdoor Gourmet Company 2 Person Beef Bourguignon",$18.95,"Outdoor Gourmet Company 2 Person Beef Bourguignon Just add boiling water - no cooking required. The Outdoor Gourmet Company ...",,www.aussiestormshop.com.au
,"Value 10 Complete Meal Box",$130.00,"Grab the Value 10 pack and you’ll get our top selling complete meals from our sister company, Dietlicious. Great tasting ...",,"Gourmet Dinner Service"
4.09378E+18,"Protein Cookie by My Muscle Chef - Box of 12 / Triple Choc",$67.85,"Looking for a high protein and low carbohydrate cookie that will help you squash those afternoon cravings? Look no further ...","Looking for a high protein and low carbohydrate cookie that will help you squash those afternoon cravings? Look no further ...","Supplement Warehouse"
,"Premium Formula By Dr Bob Roast Soup 3 X 10 Pack 55G Trio in Chicken Soup Wheyless",$119.00,"Delight your taste buds & support your health goals with Whey Less! Whey Less has been formulated by Dr Robert (Bob) Buist as ...","Delight your taste buds & support your health goals with Whey Less! Whey Less has been formulated by Dr Robert (Bob) Buist as ...",TVSN
,"Chicken Parmigiana with Arugula, Beans and Sweet Potatoes 400g (NDIS) Organic / 400g Vegetarian / Low Calorie/Protein by A Life Plus (A+)",$7.00,"Dish Macros: Dish Size Energy Protein Fat Carbs 250g KJ CAL 21.8g 37.9g 5g 1880 449 400g 3010 719 34.8g 60.6g 8g Heating ...",,alifeplus.com.au
2.20405E+17,"Healthy Chef-Made Meals Delivered | 5 Meals",$59.50,"Where quality meets convenience, our handcrafted meals showcase the best fresh and local produce. Try our Everyday Wellness ...","Where quality meets convenience, our handcrafted meals showcase the best fresh and local produce. Try our Everyday Wellness ...",Chefgood
7.87192E+18,"Outdoor Gourmet Coq AU Vin",$12.44,"Add variety to your outdoor meals with the brand-new range from the Outdoor Gourmet Company! The Outdoor Gourmet Coq au Vin ...","Gluten-free · Entree · Beef · Chicken","Gearshop NZ"
,"Value 10 Complete Meal Box",$130.00,"Grab the Value 10 pack and you’ll get our top selling complete meals from our sister company, Dietlicious. Great tasting ...",,"Gourmet Dinner Service"
,"Beef, Chicken & Kangaroo Meal Box Weekly box - 7 x 500g meals",$48.00,"Our Mixed Meal Box comes in either weekly, fortnightly or monthly options.... so no more running out of furry friend food and ...","Our Mixed Meal Box comes in either weekly, fortnightly or monthly options.... so no more running out of furry friend food and ...","Az & Scottys"
,"Vegan Complete 360 Meal | Nutritionally Balanced | 100% Vegan | Quick & Affordable Meal | Protein Works | Choc Mint Brownie | 1kg","$95.91 + tax","COMPLETE BALANCED MEAL: Perfectly balanced blend of protein, carbs, fats & fibre. Plus, 25 of the most intelligent ...","COMPLETE BALANCED MEAL: Perfectly balanced blend of protein, carbs, fats & fibre. Plus, 25 of the most intelligent ...",bigamart.com
,"CUSTOM MEAL | Teriyaki Salmon 200g / 100g Brown Rice/Green Veg",$15.50,"CUSTOM MEAL | Salmon: Customise your protein and side dish. Macros Calories Carbs Fat Protein 150g Teriyaki Salmon 100g Brown ...",,athletesnutrition.com.au
9.92466E+18,"Red Dragon Protein Mousse 1 kg / White Choc Cake Batter",$59.95,"Red Dragon Nutritionals have blown away the Dessert Protein game with their premium sourced Protein Mousse! With added MCT and ...","Chocolate · Low-fat · Dry Mix","Fitness Hero"
,"Weight Loss No Added Gluten Meals Delivered | 5 Meals",$57.50,"Choose 5 meals from our no added gluten menu. Try our weight loss meal plans with calorie-controlled meals (350 cal/meal ...",,Chefgood
,"Bondi Meal Prep - New Zealand King Salmon - Keto",$14.90,"Regular (265g)",,"Bondi Meal Prep"
1.44255E+19,"Health Kick Mini Vanilla",$99.00,"1 x Advanced Meal Replacement Made from a blend of whey and milk proteins, MCT oil and over 25 nutrients, Cassius Advanced ...","1 x Advanced Meal Replacement Made from a blend of whey and milk proteins, MCT oil and over 25 nutrients, Cassius Advanced ...",Cassius
,"28 Day Keto Meal Delivery | Be Fit Food",$334.95,"Our 28 Meal bundle is designed to provide you with healthy prepared meals to keep in the freezer, perfect for when you simply ...",,"Be Fit Food"
1.5425E+19,"Chef's Choice Australian Blanched Almond Meal - 400g",$11.60,"Good Source of Dietary Fibre and Protein. Made from ground premium Australian almonds and is fantastic for baking or desserts ...",,"Organic Gourmet Food Australia"
,"High Protein Recipe Pack",$16.18,"Hitting Your Protein Goals Have NEVER Been So Easy with This High Protein Recipe Pack Filled with 54 Delicuous and Healthy ...",,Etsy
8.96066E+18,"The Healthy Man Meal Replacement Vanilla 800g / 20 Serves - AfterPay & zipPay Available",$56.99,"Scientifically formulated Meal replacement designed especially for men Enhance weight loss ability^ Improve gut health Reduce ...","Scientifically formulated Meal replacement designed especially for men Enhance weight loss ability^ Improve gut health Reduce ...",Catch.com.au
1.52687E+19,"UPROTEIN 2kg Mass Gainer Protein (4.4 lb) - 3 Flavours Available",$48.50,"A top Mass Gain protein powder made with a combination of five quality muscle building protein sources, plus quality ...",,Uprotein
,"Buy Feel Good - WLS Meal Replacement Shake Box - VLCD Assorted Mix",$48.50,"Buy a Feel Good - WLS Meal Replacement Shake Box, which helps keep your daily calorie count low to help you lose fat, at BN ...","Buy a Feel Good - WLS Meal Replacement Shake Box, which helps keep your daily calorie count low to help you lose fat, at BN ...","BN Healthy"
1.08146E+19,"Proganics 7 Day Plant Challenge",$174.99,"7 Day Plant Challenge Pack includes: 1 x Organic Plant Meal Replacement 750g 15 Serves 1 x Organic Greens Plus 300g 30 Serves ...","7 Day Plant Challenge Pack includes: 1 x Organic Plant Meal Replacement 750g 15 Serves 1 x Organic Greens Plus 300g 30 Serves ...",proganics
1.47162E+18,"Usana Nutrimeal Bulk Pouches 30 Pack - Low Gi Meal-replacement Shake Wild Strawberry",$141.90,"Diets low in saturated fat and cholesterol, and rich in fruits, veg",,NutritionLife.com.au
,"2 X Isagenix Isalean Shake Nutritional Meal Replacement Choc & Vanilla",$138.88,"2 x Canister IsaLean Protein Shake in Vanilla & Choc flavour About this item: Products sold by me are genuine, not expired ...",,eBay.com.au
,"Formulite Meal Replacement Shake Sachet Box - Banana Flavour 7 x 55g Serves",$34.16,"Formulite shakes provide a healthy balance of high-protein, low-carb, low-sugar in one convenient, delicious and nutritious ...","Formulite shakes provide a healthy balance of high-protein, low-carb, low-sugar in one convenient, delicious and nutritious ...","Better Value Pharmacy"
,"BSN SYNTHA-6 2.3kg / Chocolate Milkshake",$120.00,"BSN Syntha-6 Use the power of six different types of protein for ultimate fitness results! BSN Syntha-6 is an effective ‘time ...","BSN Syntha-6 Use the power of six different types of protein for ultimate fitness results! BSN Syntha-6 is an effective ‘time ...","King of Suppz"
2.20405E+17,"Healthy Chef-Made Meals Delivered | 5 Meals",$59.50,"Where quality meets convenience, our handcrafted meals showcase the best fresh and local produce. Try our Everyday Wellness ...","Where quality meets convenience, our handcrafted meals showcase the best fresh and local produce. Try our Everyday Wellness ...",Chefgood
1.66199E+18,"Radix Ultra 800 Plant-Based Peri-Peri",$15.47,"Designed for highly active individuals with increased energy demands. Ultra meals provide a balanced profile of protein ...","Protein · Amino Acids · Herbal · Supplements · Dairy-free · Gluten-free · Whey · Pea Protein · Plant-based · Energy",EquipOutdoors
6.43818E+18,"13 Lives Protein Isolate with Digestive Enzymes + Collagen 1kg - Vanilla",$84.95,"13Lives Isolate is here to let your body be your work of art! At only 107 calories per serving, this is one of the leanest ...","13Lives Isolate is here to let your body be your work of art! At only 107 calories per serving, this is one of the leanest ...","The Lipo Guy"
4.94193E+18,"Rice Cream (Protein) - Delicious Chocolate - AfterPay & zipPay Available",$26.90,"Allgood nutrition brings us this one of a kind combination of cream of rice, a blend of pea isolate and gold hemp seed protein ...","Allgood nutrition brings us this one of a kind combination of cream of rice, a blend of pea isolate and gold hemp seed protein ...","Elite Supps"
,"Cottage Pie",$10.95,"High performance meal with 31g of protein. 100% halal certified ingredients only. Prepared and delivered fresh - not frozen ...",,efoodz.com.au
,"Asian Sesame Chicken Salad with Peanuts 400g (NDIS) Standard / 400g Standard / High Calorie/Protein by A Life Plus (A+)",$4.00,"Dish Macros: Dish Size Energy Protein Fat Carbs 250g KJ CAL 19.7g 42g 5.2g 2050 490 400g 3270 782 32.2g 66.5g 8.8g Heating ...",,alifeplus.com.au
1.66199E+18,"Radix Ultra 800 Plant-Based Peri-Peri",$15.47,"Designed for highly active individuals with increased energy demands. Ultra meals provide a balanced profile of protein ...","Protein · Amino Acids · Herbal · Supplements · Dairy-free · Gluten-free · Whey · Pea Protein · Plant-based · Energy",EquipOutdoors
4.53997E+18,"Bondi Meal Prep - Banana Protein Shake",$6.50,"Regular (425g)",,"Bondi Meal Prep"
3.65153E+18,"Usana French Vanilla Nutrimeal",$46.00,""A low GI nutritious meal-replacement shake in vanilla flavour. Nutrimeal is a low GI formulated meal replacement drink and a ..."","Vanilla · Protein","BN Direct Australia"
,"BSN SYNTHA-6 2.3kg / Chocolate Milkshake",$120.00,"BSN Syntha-6 Use the power of six different types of protein for ultimate fitness results! BSN Syntha-6 is an effective ‘time ...","BSN Syntha-6 Use the power of six different types of protein for ultimate fitness results! BSN Syntha-6 is an effective ‘time ...","King of Suppz"
8.77069E+18,"Atkins Plus Protein & Fiber Creamy Milk Chocolate - 4 Shakes, 325ml Each",$55.57,"Enjoy New Atkins Plus with Protein and Fiber! Each delicious Creamy Milk Chocolate shake is packed with 30g of high quality ...","Ready Serve · Chocolate · Protein · Weight Loss · Low Carb · Chocolate",Kogan.com
5.94548E+18,"Bondi Meal Prep Grass-Fed Beef Bolognese 325g",$12.90,,,Woolworths
3.30973E+17,"Bondi Meal Prep - Free Range Chicken Thigh - Keto",$12.90,"Regular (330g)","Regular (330g)","Bondi Meal Prep"
,"Formulite Meal Replacement Shake Sachet Box - Banana Flavour 7 x 55g Serves",$34.16,"Formulite shakes provide a healthy balance of high-protein, low-carb, low-sugar in one convenient, delicious and nutritious ...","Formulite shakes provide a healthy balance of high-protein, low-carb, low-sugar in one convenient, delicious and nutritious ...","Better Value Pharmacy"
1.13837E+19,"Radix Nutrition Keto 600 - Plant Based Peri-Peri",$13.48,"Providing a good source of protein, vitamins, and minerals whilst emphasising high-quality fats and limiting carbohydrates ...","Protein · Amino Acids · Herbal · Supplements · Dairy-free · Gluten-free · Keto · Weight Control · Adult · Unisex","Travel Universe Aus"
,"7 Breakfasts",$60.95,"Our 7 Breakfasts bundle is designed to provide you with healthy prepared meals to keep in the freezer, perfect for when you ...",,"Be Fit Food"
,"The Macro Shake by Macro Mike 560g / Choc PB Swirl",$47.45,"The Macro Shake is an all-in-one, nutritious meal replacement shake that is jam-packed with protein, vitamins and minerals to ...",,"Supplement Warehouse"
1.63847E+19,"Horleys Elite Mass 2.5kg - Vanilla",$99.55,"Protein, fat and carbs for super charged strength and size Ultimate combination of protein, healthy fats and complex carbs to ...","Vanilla · Amino Acids · Muscle Gain · Weight Gain · Vanilla","xtreme warehouse"
,"Bondi Meal Prep - New Zealand King Salmon - Keto",$14.90,"Regular (265g)",,"Bondi Meal Prep"
4.79629E+18,"Sustagen Ready to Drink Vanilla 250ml",$2.19,"Overview SUSTAGEN Ready to Drink Vanilla Flavour is a low GI, high protein, nutrient packed way to start your day or great as ...","Overview SUSTAGEN Ready to Drink Vanilla Flavour is a low GI, high protein, nutrient packed way to start your day or great as ...",cutpricepharmacy.com.au
,"Weight Loss No Added Gluten Meals Delivered | 5 Meals",$57.50,"Choose 5 meals from our no added gluten menu. Try our weight loss meal plans with calorie-controlled meals (350 cal/meal ...",,Chefgood
1.24249E+19,"Weight Loss Vegan Meal Pack | 10 Meals | Chefgood",$109.00,"Choose 5 lunches & 5 dinners from our vegan menu. Try our weight loss meal plans with calorie-controlled meals (350 cal/meal ...",,Chefgood
4.94193E+18,"Rice Cream (Protein) - Delicious Chocolate - AfterPay & zipPay Available",$26.90,"Allgood nutrition brings us this one of a kind combination of cream of rice, a blend of pea isolate and gold hemp seed protein ...","Allgood nutrition brings us this one of a kind combination of cream of rice, a blend of pea isolate and gold hemp seed protein ...","Elite Supps"
9.55123E+17,"Bondi Meal Prep - Free Range Chicken Breast - Keto",$12.90,"Regular (330g)",,"Bondi Meal Prep"
4.32387E+18,"My Muscle Chef Spicy Buffalo Chicken with Mac & Cheese 320g",$10.95,"Designed with your nutrition in mind, our range of 50+ meals deliver on taste and nutrition. Choose from goal based meal plans ...",,"The Cave Gym"
5.07107E+18,"White Wolf Vegan Protein + Superfood Blend 75 Serve X2 Combo Deal + Shaker",$269.00,"White Wolf Vegan Superfood Blend Highlights; 100% Natural Vegan friendly No added dairy No added gluten High Protein ? 23.1g ...","White Wolf Vegan Superfood Blend Highlights; 100% Natural Vegan friendly No added dairy No added gluten High Protein ? 23.1g ...","All Supplements"
9.49262E+18,"Shredding Bundle Vanilla / Orange / 500ml by Pure Product Australia",$69.95,"The SHREDDING BUNDLE includes: - 1 KG MEAL REPLACEMENT SHAKE - 300G FAT BURNER - PROFESSIONAL GLASS SHAKER 550ML","The SHREDDING BUNDLE includes: - 1 KG MEAL REPLACEMENT SHAKE - 300G FAT BURNER - PROFESSIONAL GLASS SHAKER 550ML","Pure Product Australia"
,"Nutra Organics Thriving Protein (Organic Pea Rice Blend) Smooth Vanilla 1kg",$94.95?$99.95,"With a sweet vanilla flavour and bursting with nutrients, the Nutra Organics Thriving Protein Smooth Vanilla protein ...","With a sweet vanilla flavour and bursting with nutrients, the Nutra Organics Thriving Protein Smooth Vanilla protein ...",GoodnessMe
4.93073E+18,"Formulite Shake & Take Meal Replacement - 55g - Honeycomb",$6.75,"Formulite shakes provide a healthy balance of high-protein, low-carb, low-sugar in one convenient, delicious and nutritious ...","Formulite shakes provide a healthy balance of high-protein, low-carb, low-sugar in one convenient, delicious and nutritious ...","Better Value Pharmacy"
,"Thermo X Mr- Meal Replacement Weight Loss Shake 1kg Highest",$29.95,,,"eBay.com.au - stcscientific1"
,"MRE LITE Whole Food Protein by Redcon1 2lb Snickerdoodle",$99.95,"FOR BEST RESULTS HOW TO TAKE MIX (1) SCOOP WITH 4-6 OUNCES OF WATER OR YOUR FAVORITE BEVERAGE. SHAKE WELL AND CONSUME WHEN TO ...","FOR BEST RESULTS HOW TO TAKE MIX (1) SCOOP WITH 4-6 OUNCES OF WATER OR YOUR FAVORITE BEVERAGE. SHAKE WELL AND CONSUME WHEN TO ...","Almighty Gains Supplements"
1.08146E+19,"Proganics 7 Day Plant Challenge",$174.99,"7 Day Plant Challenge Pack includes: 1 x Organic Plant Meal Replacement 750g 15 Serves 1 x Organic Greens Plus 300g 30 Serves ...","7 Day Plant Challenge Pack includes: 1 x Organic Plant Meal Replacement 750g 15 Serves 1 x Organic Greens Plus 300g 30 Serves ...",proganics
2.00041E+18,"Weight Loss No Added Gluten Meals Delivered | 10 Meals",$109.00,"Choose 5 lunches & 5 dinners from our no added gluten menu. Try our weight loss meal plans with calorie-controlled meals (350 ...",,Chefgood
4.32387E+18,"My Muscle Chef Spicy Buffalo Chicken with Mac & Cheese 320g",$10.95,"Designed with your nutrition in mind, our range of 50+ meals deliver on taste and nutrition. Choose from goal based meal plans ...",,"The Cave Gym"
,"Bondi Meal Prep - New Zealand King Salmon - Keto",$14.90,"Regular (265g)",,"Bondi Meal Prep"
,"MRE LITE Whole Food Protein by Redcon1 2lb Snickerdoodle",$99.95,"FOR BEST RESULTS HOW TO TAKE MIX (1) SCOOP WITH 4-6 OUNCES OF WATER OR YOUR FAVORITE BEVERAGE. SHAKE WELL AND CONSUME WHEN TO ...","FOR BEST RESULTS HOW TO TAKE MIX (1) SCOOP WITH 4-6 OUNCES OF WATER OR YOUR FAVORITE BEVERAGE. SHAKE WELL AND CONSUME WHEN TO ...","Almighty Gains Supplements"
1.52004E+19,"Weider Protein Drink 500 ml Cookies",$3.81,"For more than half a century, Weider has been creating sports and fitness supplements that are of the highest quality. In ...","Ready Serve · Protein · Muscle Gain · Low-fat · Cookies",Biuky.au
8.54311E+18,"Rice Cream (Protein) - Vanilla Cinnamon - AfterPay & zipPay Available",$26.90,"Allgood nutrition brings us this one of a kind combination of cream of rice, a blend of pea isolate and gold hemp seed protein ...","Allgood nutrition brings us this one of a kind combination of cream of rice, a blend of pea isolate and gold hemp seed protein ...","Elite Supps"
1.46698E+19,"Lemon Basa Fillets | Gym Meals Direct Large / Veg",$12.90,"Our lemon infused Basa fillets are marinated and cooked to perfection.",,"Gym Meals Direct"
,"1500cal IF Meal Set #3 Standard by A Life Plus (A+)",$296.30,"This is 7-Days 1500calories IF Meal Plan that delivers a total of 14 meals plus snacks. 7xLunches and 7xDinners plus 11xSnacks ...",,alifeplus.com.au
,"Rapid Loss Meal Replacement Shake Chocolate 740g",$56.02,"Quick and easy to prepare at home or on the go, Rapid Loss Meal Replacement Shakes are nutritionally formulated to help keep ...","Quick and easy to prepare at home or on the go, Rapid Loss Meal Replacement Shakes are nutritionally formulated to help keep ...",Kogan.com
5.07107E+18,"White Wolf Vegan Protein + Superfood Blend 75 Serve X2 Combo Deal + Shaker",$269.00,"White Wolf Vegan Superfood Blend Highlights; 100% Natural Vegan friendly No added dairy No added gluten High Protein ? 23.1g ...","White Wolf Vegan Superfood Blend Highlights; 100% Natural Vegan friendly No added dairy No added gluten High Protein ? 23.1g ...","All Supplements"
,"Wellness Core Ocean Dog Food - 1.8kg",$164.99,"Wellness Core Ocean Formula for dogs is a unique, grain-free recipe that supports and nurtures your dog's inner wellbeing. A ...","Wellness Core Ocean Formula for dogs is a unique, grain-free recipe that supports and nurtures your dog's inner wellbeing. A ...",Petbarn
,"Weight Loss No Added Gluten Meals Delivered | 5 Meals",$57.50,"Choose 5 meals from our no added gluten menu. Try our weight loss meal plans with calorie-controlled meals (350 cal/meal ...",,Chefgood
4.79629E+18,"Sustagen Ready to Drink Vanilla 250ml",$2.19,"Overview SUSTAGEN Ready to Drink Vanilla Flavour is a low GI, high protein, nutrient packed way to start your day or great as ...","Overview SUSTAGEN Ready to Drink Vanilla Flavour is a low GI, high protein, nutrient packed way to start your day or great as ...",cutpricepharmacy.com.au
,"Christmas Gift Card - Workout Meals - Best Meal Delivery",$50.00,"Celebrate the Holidays with your Friends & Family by being mindful about your nutrition and help your buddies out by making ...",,"Workout Meals"
,"Clean Mass 6lb Vanilla Cream by Maxs",$94.95,"MAX’S Clean MASS - Premium Lean Mass Builder These days lean size is the GO. Sure you want to grow, but you don’t want to get ...","MAX’S Clean MASS - Premium Lean Mass Builder These days lean size is the GO. Sure you want to grow, but you don’t want to get ...","Australian Sports Nutrition"
1.52004E+19,"Weider Protein Drink 500 ml Cookies",$3.81,"For more than half a century, Weider has been creating sports and fitness supplements that are of the highest quality. In ...","Ready Serve · Protein · Muscle Gain · Low-fat · Cookies",Biuky.au
8.89474E+18,"The Lady Shake Caramel 840g",$50.55,"This product may not be right for you. The Lady Shake is a healthy meal in a shake specifically designed for women. Great for ...","This product may not be right for you. The Lady Shake is a healthy meal in a shake specifically designed for women. Great for ...",MyDeal
,"Grass Fed Braised Lamb Stew 250g (NDIS) Standard / 250g Standard / Low Calorie/Protein by A Life Plus (A+)",$3.25,"Dish Macros: Dish Size Energy Protein Fat Carbs 250g KJ CAL 21.5g 34.1g 16.1g 1950 466 400g 2860 684 31.9g 49.3g 25.1g Heating ...",,alifeplus.com.au
1.46698E+19,"Lemon Basa Fillets | Gym Meals Direct Large / Veg",$12.90,"Our lemon infused Basa fillets are marinated and cooked to perfection.",,"Gym Meals Direct"
1.05628E+19,"My Muscle Chef Crumbed Chicken Roast Potatoes 340g",$11.95,"Since 2013 My Muscle Chef has been providing freshly prepared high protein meals to all Australians.",,Woolworths
,"Arborio Rice",$5.99,"This Arborio Rice is a short-grain rice well suited to make risotto or rice puddings because of its creamy texture. A filling ...",,Graina
2.4539E+18,"DHC Protein Diet (Strawberry Milk Flavor) 7 bags|Diet|Meal Replacement","$73.35 + tax","You can get great deals by buying Dhc Protein Diet Meal Substitute - Strawberry & Milk Flavor 7 Packages all the time at JAPAN ...","You can get great deals by buying Dhc Protein Diet Meal Substitute - Strawberry & Milk Flavor 7 Packages all the time at JAPAN ...","Goods Of Japan"
1.65156E+19,"Bondi Meal Prep - Free Range Chicken Breast Mince - Keto",$12.90,"Regular (330g)",,"Bondi Meal Prep"
1.07212E+19,"Thyme Lemon Chicken & Pumpkin Puree - Workout Meals - Best Meal Delivery",$12.50,"Thyme Lemon Chicken & Pumpkin Puree Moroccan Chicken with cauliflower rice Ingredients: Chicken Tenderloin (36%), Pumpkin (30 ...",,"Workout Meals"
3.74082E+17,"Bondi Meal Prep - Free Range Chicken Thigh & Brown Rice",$12.90,"Regular (365g)","Regular (365g)","Bondi Meal Prep"
,"Clean Mass 6lb Vanilla Cream by Maxs",$94.95,"MAX’S Clean MASS - Premium Lean Mass Builder These days lean size is the GO. Sure you want to grow, but you don’t want to get ...","MAX’S Clean MASS - Premium Lean Mass Builder These days lean size is the GO. Sure you want to grow, but you don’t want to get ...","Australian Sports Nutrition"
,"Atkins Protein Shake Mix Chocolate 310g",$15.70,"You'll love the rich texture of from the very first sip! Smooth, tasty and delicious cold or hot, each serving contains just 3 ...","You'll love the rich texture of from the very first sip! Smooth, tasty and delicious cold or hot, each serving contains just 3 ...","Pharmacy Online"
,"INC Plant Protein Vanilla 2kg",$69.99,"INC Plant Protein Vanilla 2kg","INC Plant Protein Vanilla 2kg",amama
2.99829E+18,"Bioglan Peanut Plant Protein 300g Daily Post Work Out Protein Supplement",$21.29,"Bioglan Peanut Plant Protein 300g Daily Post Work Out Protein Supplement Description BIOGLAN Peanut Plant Protein is a ...","Bioglan Peanut Plant Protein 300g Daily Post Work Out Protein Supplement Description BIOGLAN Peanut Plant Protein is a ...",MyAussieChemist
1.52004E+19,"Weider Protein Drink 500 ml Cookies",$3.81,"For more than half a century, Weider has been creating sports and fitness supplements that are of the highest quality. In ...","Ready Serve · Protein · Muscle Gain · Low-fat · Cookies",Biuky.au
9.62235E+18,"Rice Cream (Protein) - Raspberry Cheesecake - AfterPay & zipPay Available",$26.90,"Allgood nutrition brings us this one of a kind combination of cream of rice, a blend of pea isolate and gold hemp seed protein ...","Allgood nutrition brings us this one of a kind combination of cream of rice, a blend of pea isolate and gold hemp seed protein ...","Elite Supps"
1.20231E+19,"Fitness Outcomes Beef Rendang & Brown Rice 350g",$8.00?$9.00,"Fitness meets gourmet Let's face it, your body only deserves the best! That's why our gourmet, high-protein meals are designed ...",,Woolworths
7.80659E+18,"30 Day Weight Loss Bundle | Weight Loss Shake Kit Australia by Rapid Loss",$135.00,"Are you ready to take on the 30-Day Rapid Challenge? Kick off your weight loss journey with a bang! If you are motivated to ...","Diet / Weight Loss System · Weight Loss","Rapid Loss"
5.94548E+18,"Bondi Meal Prep Grass-Fed Beef Bolognese 325g",$12.90,,,Woolworths
1.39971E+19,"Strength Meals Co BBQ Chicken & Rice with Roasted Vegetables 350g",$8.50?$9.95,,,Woolworths
3.41417E+18,"Bondi Meal Prep Free Range Chicken Burrito 310g",$12.90,,,Woolworths
,"Syntha 6 1.3kg by BSN Cookies & Cream",$69.95,"What is Syntha-6 by BSN? Syntha-6 has a reputation as quite possibly the finest tasting protein shake on the market for the ...","What is Syntha-6 by BSN? Syntha-6 has a reputation as quite possibly the finest tasting protein shake on the market for the ...","Supplement World Burwood"
,"Macro Mike - Macro Shake PB Vanilla Ice Cream",$49.99,"Introducing Macro Mike's newest addition, THE MACRO SHAKE! This all-in-one nutritious meal replacement shake, is jam packed ...","Introducing Macro Mike's newest addition, THE MACRO SHAKE! This all-in-one nutritious meal replacement shake, is jam packed ...","Essential Supps Marrickville"
5.35714E+18,"Nutrition Bundle Coffee / Chocolate",$110.00?$120.00,"WELCOME TO THE NUTRITION BUNDLE! Our regular powders are around 500 cal per meal. What you'll receive: 28 NUTRITIONALLY ...",,Aussielent
,"Vegetarian Weight Loss Meals Delivered | 14 Meals",$144.00,"Choose 7 lunches & 7 dinners from our vegetarian menu. Try our weight loss meal plans with calorie-controlled meals (350 cal ...",,Chefgood
,"The Man Shake & Shaker - Buy 3 Get 1 Free",$159.80,"Buy 3 bags of The Man Shake meal replacement shake + shaker and get a 4th bag free. Start your weight loss journey today. Shop ...","Buy 3 bags of The Man Shake meal replacement shake + shaker and get a 4th bag free. Start your weight loss journey today. Shop ...","The MAN Shake"
,"Nutra Organics Thriving Protein (Organic Pea Rice Blend) Smooth Vanilla 1kg",$94.95?$99.95,"With a sweet vanilla flavour and bursting with nutrients, the Nutra Organics Thriving Protein Smooth Vanilla protein ...","With a sweet vanilla flavour and bursting with nutrients, the Nutra Organics Thriving Protein Smooth Vanilla protein ...",GoodnessMe
9.62235E+18,"Rice Cream (Protein) - Raspberry Cheesecake - AfterPay & zipPay Available",$26.90,"Allgood nutrition brings us this one of a kind combination of cream of rice, a blend of pea isolate and gold hemp seed protein ...","Allgood nutrition brings us this one of a kind combination of cream of rice, a blend of pea isolate and gold hemp seed protein ...","Elite Supps"
1.65156E+19,"Bondi Meal Prep - Free Range Chicken Breast Mince - Keto",$12.90,"Regular (330g)",,"Bondi Meal Prep"
,"2 X Isagenix Isalean Shake Nutritional Meal Replacement Choc & Vanilla",$138.88,"2 x Canister IsaLean Protein Shake in Vanilla & Choc flavour About this item: Products sold by me are genuine, not expired ...",,eBay.com.au
1.69969E+19,"Vegan Weight Loss Ready Meals | 7 Meals | Portion Controlled",$78.00,"At Chefgood, vegan weight loss meals mean great taste and variety. Choose 7 meals from our vegan menu. Try our weight loss ...",,Chefgood
1.78542E+19,"Five Day Weight Loss Meal Delivery | 5 Meals",$57.50,"Choose 5 lunches or dinners from our weight loss menu. Try our weight loss meal plans with calorie-controlled meals (350 cal ...","Choose 5 lunches or dinners from our weight loss menu. Try our weight loss meal plans with calorie-controlled meals (350 cal ...",Chefgood
4.99549E+18,"Healthy No Added Gluten Meals Delivered | 5 Meals",$59.50,"Choose 5 meals from our healthy no added gluten menu. Where quality meets convenience, our handcrafted meals showcase the best ...",,Chefgood
1.25909E+19,"Bondi Meal Prep - Asian Glazed Humpty Doo Barramundi - Keto",$14.90,"Regular (300g)",,"Bondi Meal Prep"
,"900cal IF Meal Set #2 Standard by A Life Plus (A+)",$205.85,"This is 7-Days IF Meal Plan that delivers a total of 14 meals. 7xLunches and 7xDinners plus snacks. Meals included: Braised ...",,alifeplus.com.au
,"Turkey Mince Poke Bowl - Workout Meals - Best Meal Delivery",$10.55,"Turkey Mince Poke Bow You don’t need to be a hipster to enjoy our Turkey Poke Bowl! This the dish is loaded with good fats to ...",,"Workout Meals"
1.31651E+19,"Bondi Meal Prep Free Range Chicken Pesto Pasta 300g",$12.90,,,Woolworths
4.78361E+18,"Bondi Meal Prep - Free Range Chicken Breast Wrap",$12.90,"Regular (220g)",,"Bondi Meal Prep"
8.85922E+18,"No Added Dairy Weight Loss Meal Pack | 5 Meals | Ready Made Meals",$57.50,"Choose 5 meals from our no added dairy menu. Try our weight loss meal plans with calorie-controlled meals (350 cal/meal ...",,Chefgood
1.25909E+19,"Bondi Meal Prep - Asian Glazed Humpty Doo Barramundi - Keto",$14.90,"Regular (300g)",,"Bondi Meal Prep"
,"Bondi Meal Prep - Mediterranean Frittata",$10.90,"Regular (260g)",,"Bondi Meal Prep"
1.78542E+19,"Five Day Weight Loss Meal Delivery | 5 Meals",$57.50,"Choose 5 lunches or dinners from our weight loss menu. Try our weight loss meal plans with calorie-controlled meals (350 cal ...","Choose 5 lunches or dinners from our weight loss menu. Try our weight loss meal plans with calorie-controlled meals (350 cal ...",Chefgood
,"2 X Isagenix Isalean Shake Nutritional Meal Replacement Choc & Vanilla",$138.88,"2 x Canister IsaLean Protein Shake in Vanilla & Choc flavour About this item: Products sold by me are genuine, not expired ...",,eBay.com.au
1.1714E+19,"Bondi Meal Prep - Grass-Fed Beef Pasta",$12.90,"Regular (325g)",,"Bondi Meal Prep"
9.80971E+18,"Bondi Meal Prep - Grass FED Steak Bowl",$12.90,"Regular (376g)",,"Bondi Meal Prep"
8.01787E+18,"Weight Loss Vegan Meals Delivered | 5 Meals",$57.50,"Choose 5 meals from our weight loss vegan menu. Try our weight loss meal plans with calorie-controlled meals (350 cal/meal ...","Choose 5 meals from our weight loss vegan menu. Try our weight loss meal plans with calorie-controlled meals (350 cal/meal ...",Chefgood
4.99549E+18,"Healthy No Added Gluten Meals Delivered | 5 Meals",$59.50,"Choose 5 meals from our healthy no added gluten menu. Where quality meets convenience, our handcrafted meals showcase the best ...",,Chefgood
1.56059E+19,"Bondi Meal Prep - Free Range Chicken Pesto Pasta",$12.90,"Regular (300g)",,"Bondi Meal Prep"
,"Nasty Gal Womens Contrast Lace Trim Satin Maxi Slip Dress - Pink",$127.35,"Womens Contrast Lace Trim Satin Maxi Slip Dress - Pink - 14 - Loving lace. Feel femme and flirty in our maxi slip dress, in a ...","Womens Contrast Lace Trim Satin Maxi Slip Dress - Pink - 14 - Loving lace. Feel femme and flirty in our maxi slip dress, in a ...","Nasty Gal - AU"
,"Teriyaki Free Range Chicken with Rice, Roast Pumpkin, Caramelized Onion and Spinach (NDIS) Standard / 250g by A Life Plus (A+)",$3.25,"Dish Macros: Dish Size Energy Protein Fat Carbs 250g KJ CAL 36.5g 7.7g 23.1g 1320 315 400g 2130 509 56.9g 13.9g 36.2g Heating ...",,alifeplus.com.au
1.07212E+19,"Thyme Lemon Chicken & Pumpkin Puree - Workout Meals - Best Meal Delivery",$12.50,"Thyme Lemon Chicken & Pumpkin Puree Moroccan Chicken with cauliflower rice Ingredients: Chicken Tenderloin (36%), Pumpkin (30 ...",,"Workout Meals"
1.7521E+19,"Rapid Loss Vanilla Flavour Meal Replacement Shake 740g",$22.50?$45.00,"Enjoy the gently spiced but sweet taste of creamy Vanilla Rapid Loss now with 30% less sugar. The ultimate weight-management ...","Enjoy the gently spiced but sweet taste of creamy Vanilla Rapid Loss now with 30% less sugar. The ultimate weight-management ...",Woolworths
7.67895E+18,"Vegetarian Weight Loss Ready Meals | 7 Meals | Portion Controlled",$78.00,"At Chefgood, vegetarian weight loss meals mean great taste and variety. Choose 7 meals from our vegetarian menu. Try our ...","At Chefgood, vegetarian weight loss meals mean great taste and variety. Choose 7 meals from our vegetarian menu. Try our ...",Chefgood
1.01111E+19,"Beef Hokkien Noodles - Workout Meals - Best Meal Delivery",$12.99,"Beef Hokkien Noodles Beef Hokkien Noodles with sesame. Ingredients: Beef (40%), Hokkien Noodle (24%) (Wheat Flour, Water ...",,"Workout Meals"
7.80659E+18,"30 Day Weight Loss Bundle | Weight Loss Shake Kit Australia by Rapid Loss",$135.00,"Are you ready to take on the 30-Day Rapid Challenge? Kick off your weight loss journey with a bang! If you are motivated to ...","Diet / Weight Loss System · Weight Loss","Rapid Loss"
1.7521E+19,"Rapid Loss Vanilla Flavour Meal Replacement Shake 740g",$22.50?$45.00,"Enjoy the gently spiced but sweet taste of creamy Vanilla Rapid Loss now with 30% less sugar. The ultimate weight-management ...","Enjoy the gently spiced but sweet taste of creamy Vanilla Rapid Loss now with 30% less sugar. The ultimate weight-management ...",Woolworths
,"Isagenix Chocolate Mint 826g Canister Weight Loss Meal Replacement",$89.95,"Isagenix IsaLean High Protein Shake Scientifically Formulated Meal Replacement One Mint Chocolate Flavoured Canister on Sale ...","Isagenix IsaLean High Protein Shake Scientifically Formulated Meal Replacement One Mint Chocolate Flavoured Canister on Sale ...","eBay.com.au - healthyland"
,"2 X Isagenix Protein Shake Vanilla & Choc Mint Flavour Valentines Day",$155.99,"Isagenix IsaLean Shake Meal Replacement Creamy vanilla and Choc mint Flavoured shake TWO CANISTERS ON SALE FREE DOMESTIC ...","Isagenix IsaLean Shake Meal Replacement Creamy vanilla and Choc mint Flavoured shake TWO CANISTERS ON SALE FREE DOMESTIC ...","eBay.com.au - hamburgertissue"
,"Nasty Gal Womens Contrast Lace Trim Satin Maxi Slip Dress - Pink",$127.35,"Womens Contrast Lace Trim Satin Maxi Slip Dress - Pink - 14 - Loving lace. Feel femme and flirty in our maxi slip dress, in a ...","Womens Contrast Lace Trim Satin Maxi Slip Dress - Pink - 14 - Loving lace. Feel femme and flirty in our maxi slip dress, in a ...","Nasty Gal - AU"
,"4 X Tony Ferguson High Protein Shake Chocolate 840g",$176.16,"There will be delays for all deliveries due to increased parcel volumes and isolation requirements experienced by our postal ...",,"eBay.com.au - nourishcottage"
,"Fatblaster Weight Loss Shake Low Sugar Meal Replacement Drink",$26.44,"FatBlaster Weight Loss Shake Low Sugar Meal Replacement Drink Raspberry - 430g Reach your goals faster with FatBlaster's meal ...","FatBlaster Weight Loss Shake Low Sugar Meal Replacement Drink Raspberry - 430g Reach your goals faster with FatBlaster's meal ...",eBay.com.au
1.5081E+19,"Probar Meal Simply Real Bar, Superfood Slam, 3 Ounce (12 Count)","$95.52 + tax","The ProBar Meal Bar features a non-baked recipe with all-natural and organic ingredients, offering you a much healthier (and ...","Vegan · Dairy-free · Gluten-free · Meal Replacement",GoSupps.com
1.84277E+19,"Fairlife Nutrition Plan Vanilla, 11.5 Fluid Ounce (12 Pack)","$169.15 + tax","Get the nutrition you need with Fairlife Vanilla Nutrition Shakes. This lactose-free drink is formulated with 30g of protein ...","Ready Serve · Vanilla · Protein · Low-fat",GoSupps.com
,"Chicken Chasseur with Cheesy Mac & Cheese Bake and Broccolini Organic / 250g by A Life Plus (A+)",$16.00,"Dish Macros: Dish Size Energy Protein Fat Carbs 250g KJ CAL 16.6g 21.1g 17.3g 1420 339.39 400g 2110 504.30 26.6g 29.3g 27.5g ...",,alifeplus.com.au
1.84277E+19,"Fairlife Nutrition Plan Vanilla, 11.5 Fluid Ounce (12 Pack)","$169.15 + tax","Get the nutrition you need with Fairlife Vanilla Nutrition Shakes. This lactose-free drink is formulated with 30g of protein ...","Ready Serve · Vanilla · Protein · Low-fat",GoSupps.com
,"10 Minute Active Loading Zone, Must Use Flashers Violators Will Be","$68.20 + tax","Shop Our Other Listings Shipping Return Policy Add Us to Your Favorite Sellers List Featured Categories Food & Drink Decals ...",,"eBay.com.au - signmission"
1.5081E+19,"Probar Meal Simply Real Bar, Superfood Slam, 3 Ounce (12 Count)","$95.52 + tax","The ProBar Meal Bar features a non-baked recipe with all-natural and organic ingredients, offering you a much healthier (and ...","Vegan · Dairy-free · Gluten-free · Meal Replacement",GoSupps.com
,"Isagenix Chocolate Mint 826g Canister Weight Loss Meal Replacement",$89.95,"Isagenix IsaLean High Protein Shake Scientifically Formulated Meal Replacement One Mint Chocolate Flavoured Canister on Sale ...","Isagenix IsaLean High Protein Shake Scientifically Formulated Meal Replacement One Mint Chocolate Flavoured Canister on Sale ...","eBay.com.au - healthyland"
,"4 X Tony Ferguson High Protein Shake Chocolate 840g",$176.16,"There will be delays for all deliveries due to increased parcel volumes and isolation requirements experienced by our postal ...",,"eBay.com.au - nourishcottage"
2.82135E+18,"Legendary Foods 20 GR Protein Bar Alternative Tasty Pastry | Low Carb Gluten Free | Keto Friendly | No Sugar Added | High Protein Snacks | On-The-Go","$63.42 + tax","At Legendary Foods, were on a mission to revolutionize healthy eating. Were tired of compromising between flavor and nutrition ...","Sugar-free · Low Carb · Gluten-free · Meal Replacement",GoSupps.com
,"Handicapped Parking $250 Fine Section 4511.69 Ohio Revised Code","$68.20 + tax","Shop Our Other Listings Shipping Return Policy Add Us to Your Favorite Sellers List Featured Categories Food & Drink Decals ...",,"eBay.com.au - signmission"
,"2 Vanilla Isagenix Shake Protein Shake Weight Loss Meal Replacement",$158.99,"New and sealed 2 x Isagenix IsaLean Nutritional Protein Shake Meal Replacement 2 vanilla Using High Quality New Zealand Grass ...","New and sealed 2 x Isagenix IsaLean Nutritional Protein Shake Meal Replacement 2 vanilla Using High Quality New Zealand Grass ...","eBay.com.au - auwanted"
1.11204E+19,"Vital Proteins, Protein + Collagen Bar, Peanut Butter Fudge","$77.52 + tax","Vital Proteins - Jennifer Aniston Protein + Collagen Bars Peanut Butter Fudge - 12 Bars (38 g each)Vital Proteins has elevated ...","Peanut Butter · Gluten-free",GoSupps.com
,"Signmission Designer Series - With Number 5 Tan & Green Heavy-gauge","$68.25 + tax","Shop Our Other Listings Shipping Return Policy Add Us to Your Favorite Sellers List Featured Categories Food & Drink Decals ...",,"eBay.com.au - signmission"
1.11204E+19,"Vital Proteins, Protein + Collagen Bar, Peanut Butter Fudge","$77.57 + tax","Vital Proteins - Jennifer Aniston Protein + Collagen Bars Peanut Butter Fudge - 12 Bars (38 g each)Vital Proteins has elevated ...","Peanut Butter · Gluten-free",GoSupps.com
,"Millenium Gs 82.0290 16" Table Top Bender Synthes Compatible"","$1,128.53 + tax","Millenium GS 82.0290 16" Table Top Bender Synthes Compatible The sale of this item may be subject by the U.S. Food and Drug ..."",,"eBay.com.au - clearchoicemed"
1.69435E+19,"El Guapo Carne de Soya Textured Soy Protein","$35.23 + tax","TVP Textured Soy Protein or Textured Vegetable Protein is a very healthy food that gives you energy as an alternate meat product.","Vegan · Gluten-free · Fresh",GoSupps.com
,"Mooncake Stamps Mold Pastry Gadget Plastic Material Moon Cake Makers",$13.95,"Mooncake Stamps Mold Pastry Gadget Plastic Material Moon Cake Makers Gourd Shape Features: brand new and high quality Made of ...",,"eBay.com.au - n977_6"
1.69435E+19,"El Guapo Carne de Soya Textured Soy Protein","$35.23 + tax","TVP Textured Soy Protein or Textured Vegetable Protein is a very healthy food that gives you energy as an alternate meat product.","Vegan · Gluten-free · Fresh",GoSupps.com
