"productId"	"productName"	"price"	"productDetails"	"description"	"merchantName"
"None"	"High Protein Ready Meals Delivered | 7 Meals"	82.0	"Choose 7 high protein meals from our mouth-watering menu. Where quality meets convenience, our handcrafted meals showcase the ..."	""	"Chefgood"
"7318410000000000000"	"Strength Meals Co High Protein Italian Pork Pasta Meal 350g"	9.5	""	""	"Woolworths"
"6041700000000000000"	"Strength Meals Co High Protein Chimichurri Chicken with Barley Bean Salad 350g"	9.22	""	""	"Woolworths"
"13715300000000000000"	"High Protein Meal Pack | 5 Meals | Hancrafted by Chefs"	59.5	"Where quality meets convenience, our high protein meals showcase the best fresh and local produce. Try our Everyday Wellness ..."	""	"Chefgood"
"13258200000000000000"	"Strength Meals Co High Protein Slow Cooked BBQ Beef with Rice and Vegetables 350g"	9.22	""	""	"Woolworths"
"None"	"Bondi Meal Prep - Build your box - 10 Meal Plan"	143.0	""	""	"Bondi Meal Prep"
"None"	"Lean Meals 10 Lean Meals - $91"	91.0	"Lean Portion Size: 250g Serving Size, +-300 Calories, 25-35g Protein, 25-35g Carbs, 8-14g FatPrices: 8 Lean Meals - $7810 Lean ..."	""	"Lifestyle Meal Prep"
"9907660000000000000"	"5 Day High Protein Meal Plan | 10 Meals | Chefgood"	115.0	"Choose 5 lunches & 5 dinners from our high protein menu with generous portions. Where quality meets convenience, our ..."	""	"Chefgood"
"12516600000000000000"	"Strength Meals Co Butter Chicken 350g"	9.5	""	""	"Woolworths"
"None"	"The Refresh Program | 14 Meals"	184.95	"The Refresh Program allows you to combine the convenience of Tony Ferguson High Protein shakes with the wholesomeness of Be ..."	""	"Be Fit Food"
"11394900000000000000"	"Dineamic High Protein Bundle"	59.0	"A selection of our high proteins meals to fuel your week and support performance. Whether that's at the gym, in the office or ..."	""	"Dineamic"
"None"	"Youfoodz FUEL'D Meals - Click 'n' Collect Only Chargrilled Lemon Chicken"	11.95	"No matter what you're craving, there are 30 high-protein FUEL’D meals to choose from, including new seasonal recipes, our take ..."	"No matter what you're craving, there are 30 high-protein FUEL’D meals to choose from, including new seasonal recipes, our take ..."	"The Cave Gym"
"17714100000000000000"	"Bondi Meal Prep - Protein Health Ball"	4.0	"Regular (40g)"	""	"Bondi Meal Prep"
"16398000000000000000"	"Fitness Outcomes Beef Bolognese Frozen Meal 350g"	9.0	"Fitness Meets Gourmet Let's face it, your body only deserves the best! That's why our gourmet, high-protein meals are designed ..."	""	"Coles Supermarkets"
"6997090000000000000"	"My Muscle Chef Spaghetti Bolognese 330 gram"	10.45	"Since 2013 My Muscle Chef has been providing freshly prepared high protein meals to all Australians."	""	"My Muscle Chef"
"None"	"7 Day Meal Plan - Lunch & Dinner (NDIS) Standard / 250g Standard / Low Calorie/Protein by A Lifeplus (A+)"	45.5	"This is a 7 day meal plan that delivers lunch and dinner for 7 days a week. We create every meal plan differently because each ..."	""	"alifeplus.com.au"
"None"	"Size Meals 14 Size Meals - $183"	183.0	"Size Portion Size: 500g Serving Size, +-650 Calories, 55-65g Protein, 55-65g Carbohydrates, 14-20g FatPrices:8 Meals $111 10 ..."	""	"Lifestyle Meal Prep"
"None"	"Teriyaki Tofu Protein Pack"	19.95	"Our organic tofu is oven roasted in our signature house made teriyaki marinate.The healthy and delicious flavours of this ..."	""	"Garden of Vegan"
"182337000000000000"	"Peri Peri Chicken | Gym Meals Direct Large / BROCC Mash & Pumpkin"	12.9	"Come online for more!"	""	"Gym Meals Direct"
"None"	"Delivered Foods - Low Calorie Prepared Meal Delivery for Weight Loss | Macrobite 8 Meal Plan"	108.0	"Macrobite preps and delivers healthy low-calorie meals specially curated by our team of nutrition experts to achieve your ..."	""	"Macrobite"
"11385400000000000000"	"High Protein Lunch + Dinner Pack Summer"	126.0	""	""	"Dietlicious"
"16922200000000000000"	"Strength Meals Co Satay Chicken 350g"	9.5	""	""	"Woolworths"
"6198680000000000000"	"Bulk Nutrients - Protein Sample Pack - Try 7 of Our Most Popular Proteins from Our Extensive Range of proteins."	13.0	"The selection will include Protein Matrix+, Thermowhey, Muscle Food 101, Earth Protein, Total Meal Replacement, Future Whey ..."	"Protein · Whey"	"Bulk Nutrients"
"None"	"Bondi Meal Prep - Build Your Box - 14 Meal Plan"	193.0	""	""	"Bondi Meal Prep"
"None"	"The Refresh Program | 28 Meals & 1 Snack per Day"	389.95	"The Refresh Program allows you to combine the convenience of Tony Ferguson High Protein shakes with the wholesomeness of Be ..."	""	"Be Fit Food"
"355869000000000000"	"My Muscle Chef Butter Chicken 360 gram"	10.95	"Since 2013 My Muscle Chef has been providing freshly prepared high protein meals to all Australians."	""	"The Cave Gym"
"None"	"All Meal Plans Lean & Size (Mix & Match) / 8 Meals"	94.5	"Note: If you choose the Mix & Match option, you will receive half of each meal size, e.g. 8 Lean and Main will be 4 Lean and 4 ..."	""	"Lifestyle Meal Prep"
"None"	"5 Day Meal Plan - Lunch & Dinner (One time) Organic / 250g Standard / Low Calorie/Protein by A Lifeplus (A+)"	160.0	"This is a 5 day meal plan that delivers lunch and dinner for 5 days a week. We create every meal plan differently because each ..."	""	"alifeplus.com.au"
"None"	"NatureDog Single Protein Beef Meal"	8.95	"Contains 50% locally sourced, preservative free, premium beef meat plus our Original Chicken mix. Note: Vegetables vary due to ..."	""	"Nekopia Pets"
"None"	"7 Meals"	94.95	"Our 7 Meal bundle is designed to provide you with healthy prepared meals to keep in the freezer, perfect for when you simply ..."	""	"Be Fit Food"
"4451690000000000000"	"My Muscle Chef Chicken Stir Fry 450 gram"	10.95	"Since 2013 My Muscle Chef has been providing freshly prepared high protein meals to all Australians."	""	"The Cave Gym"
"None"	"SIMPLY PROTEIN | Chicken Breast 200g"	6.95	"Chicken Breast marinated and cooked in a blend of lemon and herbs available in 200g or 1kg vacuum sealed portions. Serving ..."	""	"athletesnutrition.com.au"
"14834600000000000000"	"Fitness Outcomes Cashew Chicken & Vegetable Stir Fry Frozen Meal 350g"	9.0	"Fitness Meets Gourmet Let's face it, your body only deserves the best! That's why our gourmet, high-protein meals are designed ..."	"Fitness Meets Gourmet Let's face it, your body only deserves the best! That's why our gourmet, high-protein meals are designed ..."	"Coles Supermarkets"
"13531800000000000000"	"Bondi Meal Prep - Grass FED Pinnacle Rump Steak - Keto"	14.9	"Regular (320g)"	""	"Bondi Meal Prep"
"9110900000000000000"	"Crumbed Chicken Parmigiana - Workout Meals - Best Meal Delivery"	12.99	"Crumbed Chicken Parmigiana Our exquisitely prepared Chicken Parmigiana with Roasted Potatoes and Peas dish will improve your ..."	""	"Workout Meals"
"None"	"Beef Stroganoff | Products | Gym Meals Direct LARGE / PASTA"	13.9	"Our slow cooked beef stroganoff with a creamy mustard infused mushroom sauce over fettuccine pasta is ideal for those in a ..."	""	"Gym Meals Direct"
"369439000000000000"	"Strength Meals Co Spiced Pumpkin & Lentil High Protein Soup 400g"	5.5	""	""	"Woolworths"
"None"	"Retort Ready to eat meal Travel food with warmer Halal High Protein real food combo of 4"	89.01	"HALALAN TOYYIBAN READY-TO-EAT MEAL SELF-HEATING MEAL NO PRESERVATIVES ALL NATURAL INGREDIENTS 2?? YEARS SHELF LIFE with ..."	""	"Etsy - KAIsister"
"None"	"Dill and Garlic Responsibly Fished Barramundi with Season Veggies 400g (NDIS) Standard / 400g Standard / Normal Calorie/Protein by A Life Plus (A+)"	4.0	"Dish Macros: Dish Size Energy Protein Fat Carbs 250g KJ CAL 31g 9g 8.9g 1040 249 400g 1870 447 50.3g 20.6g 12.2g Heating ..."	""	"alifeplus.com.au"
"None"	"Ultra 800 Meals / Starter Pack"	86.5	"800 kcal. All day energy. Radix version 8 Ultra meal range is the result of a focused design goal. Maximise energy density ..."	""	"Radix Nutrition Australia"
"None"	"Kangaroo & Chicken Meal Box Weekly box - 7 x 500g meals"	52.0	"Genetically, dogs are designed to digest animal proteins in their raw form. Their ancestors consumed the whole carcass ..."	""	"Az & Scottys"
"6444250000000000000"	"Pulled Roast Beef | Products | Gym Meals Direct Large / Potato Mash"	13.9	""	""	"Gym Meals Direct"
"None"	"Proganics Organic Keto Meal Replacement Trial Pack"	17.0	"Product Information You’ve probably heard of the keto diet and the amazing rapid weight loss results people have achieved by ..."	"Product Information You’ve probably heard of the keto diet and the amazing rapid weight loss results people have achieved by ..."	"Muscle Protein"
"12228500000000000000"	"Muscle Meal | 200g Chicken Breast with 200g Brown Rice"	12.5	"200g Chicken Breast marinated and cooked in a blend of lemon and herbs served with 200g Brown Rice. Serving 400g Calories 554 ..."	""	"athletesnutrition.com.au"
"None"	"Dineamic Low Calorie Bundle"	89.0	"10 balanced ready meals handpicked by our in-house nutritionists to assist with a low-calorie lifestyle. This fixed bundle ..."	""	"Dineamic"
"None"	"Feijoada | Plant-based Meals Delivery Australia"	14.95	"Feijoada is a plant-based meal cooked in a fully vegan kitchen. This meal is delivered fresh to Queensland, Northern Territory ..."	"Feijoada is a plant-based meal cooked in a fully vegan kitchen. This meal is delivered fresh to Queensland, Northern Territory ..."	"HerbiDoor"
"None"	"Redcon 1 MRE - Meal Replacement"	94.95	"Redcon 1 MRE - Meal Replacement Super Discount Supplements"	""	"Super Discount Supplements"
"5147360000000000000"	"Protein Pack"	68.0	"This is a great value meal pack for gym goers and anyone else looking for a regular selection of meat. The Protein Pack comes ..."	""	"Carina North Quality Meats"
"None"	"14 Meals"	184.95	"Our 14 Meal bundle is designed to provide you with healthy prepared meals to keep in the freezer, perfect for when you simply ..."	"Our 14 Meal bundle is designed to provide you with healthy prepared meals to keep in the freezer, perfect for when you simply ..."	"Be Fit Food"
"1741570000000000000"	"My Muscle Chef Chicken Pesto Pasta 330g"	10.95	"Since 2013 My Muscle Chef has been providing freshly prepared high protein meals to all Australians."	""	"The Cave Gym"
"None"	"Superfood Complete by Professional Whey"	38.0	"The pinnacle of meal replacement shakes. Superfood Complete is one of the most amazing nutrient dense shakes in the world. It ..."	"The pinnacle of meal replacement shakes. Superfood Complete is one of the most amazing nutrient dense shakes in the world. It ..."	"Professional Whey"
"None"	"Noopii Nappies 12-18kg N5 Walker 16 Pack 32"	14.99	"Buy Noopii Nappies 12-18kg N5 Walker 16 Pack from Harris Farm Markets Online. Browse through our huge range of groceries and ..."	""	"Harris Farm Markets"
"406110000000000000"	"Pulled Roast Beef | Products | Gym Meals Direct Small / Potato Mash"	11.9	""	""	"Gym Meals Direct"
"1415490000000000000"	"Fitness Outcomes Beef Chilli Con Carne Frozen Meal 350g"	8.5	""	""	"Woolworths"
"955123000000000000"	"Bondi Meal Prep - Free Range Chicken Breast - Keto"	12.9	"Regular (330g)"	""	"Bondi Meal Prep"
"4500200000000000000"	"BAKON Carbonara | Plant-Based Meals Delivery Australia"	12.95	"Creamy Bakon Carbonara is a high-protein plant-based version of a Bacon Carbonara, cooked in a fully vegan kitchen."	"Creamy Bakon Carbonara is a high-protein plant-based version of a Bacon Carbonara, cooked in a fully vegan kitchen."	"HerbiDoor"
"None"	"Deluxe Chicken & Quinoa Brown Rice - Workout Meals - Best Meal Delivery"	12.5	"Deluxe Chicken & Quinoa Brown Rice Chicken Breast with Quinoa brown rice. Ingredients: Chicken Breast36%, Vegetable Quinoa ..."	""	"Workout Meals"
"5296250000000000000"	"Bondi Meal Prep Beef Lasagne 350g"	12.9	""	""	"Woolworths"
"15052700000000000000"	"My Muscle Chef Chipotle Chicken Burrito Bowl 450 gram"	10.95	"Since 2013 My Muscle Chef has been providing freshly prepared high protein meals to all Australians."	""	"My Muscle Chef"
"None"	"Beef, Chicken & Kangaroo Meal Box Weekly box - 7 x 250g meals"	35.0	"Our Mixed Meal Box comes in either weekly, fortnightly or monthly options.... so no more running out of furry friend food and ..."	"Our Mixed Meal Box comes in either weekly, fortnightly or monthly options.... so no more running out of furry friend food and ..."	"Az & Scottys"
"None"	"28 Day Keto Meal Delivery | Be Fit Food"	334.95	"Our 28 Meal bundle is designed to provide you with healthy prepared meals to keep in the freezer, perfect for when you simply ..."	""	"Be Fit Food"
"7871920000000000000"	"Outdoor Gourmet Coq AU Vin"	12.44	"Add variety to your outdoor meals with the brand-new range from the Outdoor Gourmet Company! The Outdoor Gourmet Coq au Vin ..."	"Gluten-free · Entree · Beef · Chicken"	"Gearshop NZ"
"6862590000000000000"	"Massaman Salmon | Products | Gym Meals Direct Large / Pumpkin Mash & Bean"	14.9	"Thai Massaman-style salmon"	""	"Gym Meals Direct"
"None"	"High Protein Recipe Pack"	16.18	"Hitting Your Protein Goals Have NEVER Been So Easy with This High Protein Recipe Pack Filled with 54 Delicuous and Healthy ..."	""	"Etsy"
"None"	"Lotus LSA Meal GF 450g"	8.2	"Lotus LSA Meal is packed in Australia from a blend of imported and local ingredients. It comes in a 750 gm re-sealable oxygen ..."	""	"Wholefood Superstore"
"None"	"CUSTOM MEAL | Salmon 200g / 200g Brown Rice/Green Veg"	15.95	"CUSTOM MEAL | Salmon: Customise your protein and side dish. Macros Calories Carbs Fat Protein 150g Salmon 100g Brown Rice 415 ..."	""	"athletesnutrition.com.au"
"None"	"Outdoor Gourmet Company 2 Person Beef Bourguignon"	18.95	"Outdoor Gourmet Company 2 Person Beef Bourguignon Just add boiling water - no cooking required. The Outdoor Gourmet Company ..."	""	"www.aussiestormshop.com.au"
"None"	"Value 10 Complete Meal Box"	130.0	"Grab the Value 10 pack and you’ll get our top selling complete meals from our sister company, Dietlicious. Great tasting ..."	""	"Gourmet Dinner Service"
"None"	"Premium Formula By Dr Bob Roast Soup 3 X 10 Pack 55G Trio in Chicken Soup Wheyless"	119.0	"Delight your taste buds & support your health goals with Whey Less! Whey Less has been formulated by Dr Robert (Bob) Buist as ..."	"Delight your taste buds & support your health goals with Whey Less! Whey Less has been formulated by Dr Robert (Bob) Buist as ..."	"TVSN"
"None"	"Chicken Parmigiana with Arugula, Beans and Sweet Potatoes 400g (NDIS) Organic / 400g Vegetarian / Low Calorie/Protein by A Life Plus (A+)"	7.0	"Dish Macros: Dish Size Energy Protein Fat Carbs 250g KJ CAL 21.8g 37.9g 5g 1880 449 400g 3010 719 34.8g 60.6g 8g Heating ..."	""	"alifeplus.com.au"
"220405000000000000"	"Healthy Chef-Made Meals Delivered | 5 Meals"	59.5	"Where quality meets convenience, our handcrafted meals showcase the best fresh and local produce. Try our Everyday Wellness ..."	"Where quality meets convenience, our handcrafted meals showcase the best fresh and local produce. Try our Everyday Wellness ..."	"Chefgood"
"None"	"Beef, Chicken & Kangaroo Meal Box Weekly box - 7 x 500g meals"	48.0	"Our Mixed Meal Box comes in either weekly, fortnightly or monthly options.... so no more running out of furry friend food and ..."	"Our Mixed Meal Box comes in either weekly, fortnightly or monthly options.... so no more running out of furry friend food and ..."	"Az & Scottys"
"None"	"CUSTOM MEAL | Teriyaki Salmon 200g / 100g Brown Rice/Green Veg"	15.5	"CUSTOM MEAL | Salmon: Customise your protein and side dish. Macros Calories Carbs Fat Protein 150g Teriyaki Salmon 100g Brown ..."	""	"athletesnutrition.com.au"
"None"	"Weight Loss No Added Gluten Meals Delivered | 5 Meals"	57.5	"Choose 5 meals from our no added gluten menu. Try our weight loss meal plans with calorie-controlled meals (350 cal/meal ..."	""	"Chefgood"
"None"	"Bondi Meal Prep - New Zealand King Salmon - Keto"	14.9	"Regular (265g)"	""	"Bondi Meal Prep"
"15425000000000000000"	"Chef's Choice Australian Blanched Almond Meal - 400g"	11.6	"Good Source of Dietary Fibre and Protein. Made from ground premium Australian almonds and is fantastic for baking or desserts ..."	""	"Organic Gourmet Food Australia"
"10814600000000000000"	"Proganics 7 Day Plant Challenge"	174.99	"7 Day Plant Challenge Pack includes: 1 x Organic Plant Meal Replacement 750g 15 Serves 1 x Organic Greens Plus 300g 30 Serves ..."	"7 Day Plant Challenge Pack includes: 1 x Organic Plant Meal Replacement 750g 15 Serves 1 x Organic Greens Plus 300g 30 Serves ..."	"proganics"
"1661990000000000000"	"Radix Ultra 800 Plant-Based Peri-Peri"	15.47	"Designed for highly active individuals with increased energy demands. Ultra meals provide a balanced profile of protein ..."	"Protein · Amino Acids · Herbal · Supplements · Dairy-free · Gluten-free · Whey · Pea Protein · Plant-based · Energy"	"EquipOutdoors"
"None"	"Asian Sesame Chicken Salad with Peanuts 400g (NDIS) Standard / 400g Standard / High Calorie/Protein by A Life Plus (A+)"	4.0	"Dish Macros: Dish Size Energy Protein Fat Carbs 250g KJ CAL 19.7g 42g 5.2g 2050 490 400g 3270 782 32.2g 66.5g 8.8g Heating ..."	""	"alifeplus.com.au"
"5945480000000000000"	"Bondi Meal Prep Grass-Fed Beef Bolognese 325g"	12.9	""	""	"Woolworths"
"330973000000000000"	"Bondi Meal Prep - Free Range Chicken Thigh - Keto"	12.9	"Regular (330g)"	"Regular (330g)"	"Bondi Meal Prep"
"11383700000000000000"	"Radix Nutrition Keto 600 - Plant Based Peri-Peri"	13.48	"Providing a good source of protein, vitamins, and minerals whilst emphasising high-quality fats and limiting carbohydrates ..."	"Protein · Amino Acids · Herbal · Supplements · Dairy-free · Gluten-free · Keto · Weight Control · Adult · Unisex"	"Travel Universe Aus"
"None"	"7 Breakfasts"	60.95	"Our 7 Breakfasts bundle is designed to provide you with healthy prepared meals to keep in the freezer, perfect for when you ..."	""	"Be Fit Food"
"12424900000000000000"	"Weight Loss Vegan Meal Pack | 10 Meals | Chefgood"	109.0	"Choose 5 lunches & 5 dinners from our vegan menu. Try our weight loss meal plans with calorie-controlled meals (350 cal/meal ..."	""	"Chefgood"
"4323870000000000000"	"My Muscle Chef Spicy Buffalo Chicken with Mac & Cheese 320g"	10.95	"Designed with your nutrition in mind, our range of 50+ meals deliver on taste and nutrition. Choose from goal based meal plans ..."	""	"The Cave Gym"
"None"	"MRE LITE Whole Food Protein by Redcon1 2lb Snickerdoodle"	99.95	"FOR BEST RESULTS HOW TO TAKE MIX (1) SCOOP WITH 4-6 OUNCES OF WATER OR YOUR FAVORITE BEVERAGE. SHAKE WELL AND CONSUME WHEN TO ..."	"FOR BEST RESULTS HOW TO TAKE MIX (1) SCOOP WITH 4-6 OUNCES OF WATER OR YOUR FAVORITE BEVERAGE. SHAKE WELL AND CONSUME WHEN TO ..."	"Almighty Gains Supplements"
"2000410000000000000"	"Weight Loss No Added Gluten Meals Delivered | 10 Meals"	109.0	"Choose 5 lunches & 5 dinners from our no added gluten menu. Try our weight loss meal plans with calorie-controlled meals (350 ..."	""	"Chefgood"
"14669800000000000000"	"Lemon Basa Fillets | Gym Meals Direct Large / Veg"	12.9	"Our lemon infused Basa fillets are marinated and cooked to perfection."	""	"Gym Meals Direct"
"None"	"1500cal IF Meal Set #3 Standard by A Life Plus (A+)"	296.3	"This is 7-Days 1500calories IF Meal Plan that delivers a total of 14 meals plus snacks. 7xLunches and 7xDinners plus 11xSnacks ..."	""	"alifeplus.com.au"
"None"	"Christmas Gift Card - Workout Meals - Best Meal Delivery"	50.0	"Celebrate the Holidays with your Friends & Family by being mindful about your nutrition and help your buddies out by making ..."	""	"Workout Meals"
"None"	"Grass Fed Braised Lamb Stew 250g (NDIS) Standard / 250g Standard / Low Calorie/Protein by A Life Plus (A+)"	3.25	"Dish Macros: Dish Size Energy Protein Fat Carbs 250g KJ CAL 21.5g 34.1g 16.1g 1950 466 400g 2860 684 31.9g 49.3g 25.1g Heating ..."	""	"alifeplus.com.au"
"10562800000000000000"	"My Muscle Chef Crumbed Chicken Roast Potatoes 340g"	11.95	"Since 2013 My Muscle Chef has been providing freshly prepared high protein meals to all Australians."	""	"Woolworths"
"None"	"Arborio Rice"	5.99	"This Arborio Rice is a short-grain rice well suited to make risotto or rice puddings because of its creamy texture. A filling ..."	""	"Graina"
"2453900000000000000"	"DHC Protein Diet (Strawberry Milk Flavor) 7 bags|Diet|Meal Replacement"	80.68	"You can get great deals by buying Dhc Protein Diet Meal Substitute - Strawberry & Milk Flavor 7 Packages all the time at JAPAN ..."	"You can get great deals by buying Dhc Protein Diet Meal Substitute - Strawberry & Milk Flavor 7 Packages all the time at JAPAN ..."	"Goods Of Japan"
"16515600000000000000"	"Bondi Meal Prep - Free Range Chicken Breast Mince - Keto"	12.9	"Regular (330g)"	""	"Bondi Meal Prep"
"10721200000000000000"	"Thyme Lemon Chicken & Pumpkin Puree - Workout Meals - Best Meal Delivery"	12.5	"Thyme Lemon Chicken & Pumpkin Puree Moroccan Chicken with cauliflower rice Ingredients: Chicken Tenderloin (36%), Pumpkin (30 ..."	""	"Workout Meals"
"374082000000000000"	"Bondi Meal Prep - Free Range Chicken Thigh & Brown Rice"	12.9	"Regular (365g)"	"Regular (365g)"	"Bondi Meal Prep"
"2998290000000000000"	"Bioglan Peanut Plant Protein 300g Daily Post Work Out Protein Supplement"	21.29	"Bioglan Peanut Plant Protein 300g Daily Post Work Out Protein Supplement Description BIOGLAN Peanut Plant Protein is a ..."	"Bioglan Peanut Plant Protein 300g Daily Post Work Out Protein Supplement Description BIOGLAN Peanut Plant Protein is a ..."	"MyAussieChemist"
"12023100000000000000"	"Fitness Outcomes Beef Rendang & Brown Rice 350g"	8.5	"Fitness meets gourmet Let's face it, your body only deserves the best! That's why our gourmet, high-protein meals are designed ..."	""	"Woolworths"
"13997100000000000000"	"Strength Meals Co BBQ Chicken & Rice with Roasted Vegetables 350g"	9.22	""	""	"Woolworths"
"3414170000000000000"	"Bondi Meal Prep Free Range Chicken Burrito 310g"	12.9	""	""	"Woolworths"
"None"	"Vegetarian Weight Loss Meals Delivered | 14 Meals"	144.0	"Choose 7 lunches & 7 dinners from our vegetarian menu. Try our weight loss meal plans with calorie-controlled meals (350 cal ..."	""	"Chefgood"
"16996900000000000000"	"Vegan Weight Loss Ready Meals | 7 Meals | Portion Controlled"	78.0	"At Chefgood, vegan weight loss meals mean great taste and variety. Choose 7 meals from our vegan menu. Try our weight loss ..."	""	"Chefgood"
"17854200000000000000"	"Five Day Weight Loss Meal Delivery | 5 Meals"	57.5	"Choose 5 lunches or dinners from our weight loss menu. Try our weight loss meal plans with calorie-controlled meals (350 cal ..."	"Choose 5 lunches or dinners from our weight loss menu. Try our weight loss meal plans with calorie-controlled meals (350 cal ..."	"Chefgood"
"4995490000000000000"	"Healthy No Added Gluten Meals Delivered | 5 Meals"	59.5	"Choose 5 meals from our healthy no added gluten menu. Where quality meets convenience, our handcrafted meals showcase the best ..."	""	"Chefgood"
"12590900000000000000"	"Bondi Meal Prep - Asian Glazed Humpty Doo Barramundi - Keto"	14.9	"Regular (300g)"	""	"Bondi Meal Prep"
"None"	"900cal IF Meal Set #2 Standard by A Life Plus (A+)"	205.85	"This is 7-Days IF Meal Plan that delivers a total of 14 meals. 7xLunches and 7xDinners plus snacks. Meals included: Braised ..."	""	"alifeplus.com.au"
"None"	"Turkey Mince Poke Bowl - Workout Meals - Best Meal Delivery"	10.55	"Turkey Mince Poke Bow You don’t need to be a hipster to enjoy our Turkey Poke Bowl! This the dish is loaded with good fats to ..."	""	"Workout Meals"
"13165100000000000000"	"Bondi Meal Prep Free Range Chicken Pesto Pasta 300g"	12.9	""	""	"Woolworths"
"4783610000000000000"	"Bondi Meal Prep - Free Range Chicken Breast Wrap"	12.9	"Regular (220g)"	""	"Bondi Meal Prep"
"8859220000000000000"	"No Added Dairy Weight Loss Meal Pack | 5 Meals | Ready Made Meals"	57.5	"Choose 5 meals from our no added dairy menu. Try our weight loss meal plans with calorie-controlled meals (350 cal/meal ..."	""	"Chefgood"
"None"	"Bondi Meal Prep - Mediterranean Frittata"	10.9	"Regular (260g)"	""	"Bondi Meal Prep"
"11714000000000000000"	"Bondi Meal Prep - Grass-Fed Beef Pasta"	12.9	"Regular (325g)"	""	"Bondi Meal Prep"
"9809710000000000000"	"Bondi Meal Prep - Grass FED Steak Bowl"	12.9	"Regular (376g)"	""	"Bondi Meal Prep"
"8017870000000000000"	"Weight Loss Vegan Meals Delivered | 5 Meals"	57.5	"Choose 5 meals from our weight loss vegan menu. Try our weight loss meal plans with calorie-controlled meals (350 cal/meal ..."	"Choose 5 meals from our weight loss vegan menu. Try our weight loss meal plans with calorie-controlled meals (350 cal/meal ..."	"Chefgood"
"15605900000000000000"	"Bondi Meal Prep - Free Range Chicken Pesto Pasta"	12.9	"Regular (300g)"	""	"Bondi Meal Prep"
"7678950000000000000"	"Vegetarian Weight Loss Ready Meals | 7 Meals | Portion Controlled"	78.0	"At Chefgood, vegetarian weight loss meals mean great taste and variety. Choose 7 meals from our vegetarian menu. Try our ..."	"At Chefgood, vegetarian weight loss meals mean great taste and variety. Choose 7 meals from our vegetarian menu. Try our ..."	"Chefgood"
"10111100000000000000"	"Beef Hokkien Noodles - Workout Meals - Best Meal Delivery"	12.99	"Beef Hokkien Noodles Beef Hokkien Noodles with sesame. Ingredients: Beef (40%), Hokkien Noodle (24%) (Wheat Flour, Water ..."	""	"Workout Meals"
"15081000000000000000"	"Probar Meal Simply Real Bar, Superfood Slam, 3 Ounce (12 Count)"	105.07	"The ProBar Meal Bar features a non-baked recipe with all-natural and organic ingredients, offering you a much healthier (and ..."	"Vegan · Dairy-free · Gluten-free · Meal Replacement"	"GoSupps.com"
"None"	"Chicken Chasseur with Cheesy Mac & Cheese Bake and Broccolini Organic / 250g by A Life Plus (A+)"	16.0	"Dish Macros: Dish Size Energy Protein Fat Carbs 250g KJ CAL 16.6g 21.1g 17.3g 1420 339.39 400g 2110 504.30 26.6g 29.3g 27.5g ..."	""	"alifeplus.com.au"
"None"	"10 Minute Active Loading Zone, Must Use Flashers Violators Will Be"	75.02	"Shop Our Other Listings Shipping Return Policy Add Us to Your Favorite Sellers List Featured Categories Food & Drink Decals ..."	""	"eBay.com.au - signmission"
"None"	"Handicapped Parking $250 Fine Section 4511.69 Ohio Revised Code"	75.02	"Shop Our Other Listings Shipping Return Policy Add Us to Your Favorite Sellers List Featured Categories Food & Drink Decals ..."	""	"eBay.com.au - signmission"
"None"	"Signmission Designer Series - With Number 5 Tan & Green Heavy-gauge"	75.08	"Shop Our Other Listings Shipping Return Policy Add Us to Your Favorite Sellers List Featured Categories Food & Drink Decals ..."	""	"eBay.com.au - signmission"
""	""	0.0	"$productDetails"	"$desription"	""
